Name,,,,,,,,,,,,,Ticker
ADVICENNE PROMESSE,FR0013296746,ADVIC,Euronext Paris,EUR,-,-,-,-,-,-,-,-,xpar:ADVIC
GDS (144A) RUSAL,US9098831004,RUAL,Euronext Paris,EUR,-,-,-,-,-,-,-,-,xpar:RUAL
VALE PREF,US91912E2046,VALE5,Euronext Paris,EUR,-,-,-,-,-,-,-,-,xpar:VALE5
ORANGE,FR0000133308,ORA,Euronext Paris,EUR,14.25,14.44,14.24,14.24,05/12/2017 17:38,CET,8623743,123424736.7,xpar:ORA
CREDIT AGRICOLE,FR0000045072,ACA,Euronext Paris,EUR,14.26,14.38,14.02,14.08,05/12/2017 17:36,CET,6405837,90523296.07,xpar:ACA
ENGIE,FR0010208488,ENGI,"Euronext Paris, Brussels",EUR,14.78,14.88,14.745,14.83,05/12/2017 17:39,CET,5347463,79223568.05,xpar:ENGI
TOTAL,FR0000120271,FP,"Euronext Paris, Brussels",EUR,47.78,48.015,47.435,47.435,05/12/2017 18:05,CET,4737308,226032469,xpar:FP
STMICROELECTRONICS,NL0000226223,STM,Euronext Paris,EUR,18.39,18.935,18.13,18.765,05/12/2017 17:35,CET,4524892,83864100.06,xpar:STM
AXA,FR0000120628,CS,Euronext Paris,EUR,25.47,25.62,25.225,25.34,05/12/2017 18:31,CET,4269244,108403052.8,xpar:CS
VALLOUREC,FR0000120354,VK,Euronext Paris,EUR,4.57,4.588,4.439,4.457,05/12/2017 17:38,CET,4173720,18735632.43,xpar:VK
NATIXIS,FR0000120685,KN,Euronext Paris,EUR,6.83,6.85,6.683,6.717,05/12/2017 17:37,CET,3705181,24976047.67,xpar:KN
PEUGEOT,FR0000121501,UG,Euronext Paris,EUR,17.22,17.38,16.975,17.21,05/12/2017 17:38,CET,3560702,61255673.87,xpar:UG
SOCIETE GENERALE,FR0000130809,GLE,Euronext Paris,EUR,42.875,43.42,42.57,42.73,05/12/2017 17:39,CET,3479463,149167207.1,xpar:GLE
BNP PARIBAS ACT.A,FR0000131104,BNP,Euronext Paris,EUR,63.94,64.54,63.16,63.51,05/12/2017 18:31,CET,3370784,214384122.4,xpar:BNP
CARREFOUR,FR0000120172,CA,Euronext Paris,EUR,18.13,18.25,17.93,17.95,05/12/2017 17:38,CET,3251726,58740286.14,xpar:CA
EDF,FR0010242511,EDF,Euronext Paris,EUR,10.95,11.12,10.885,10.91,05/12/2017 17:35,CET,2814378,30863715.3,xpar:EDF
SANOFI,FR0000120578,SAN,Euronext Paris,EUR,74.53,74.86,73.56,73.97,05/12/2017 17:38,CET,2609409,192993525.3,xpar:SAN
VIVENDI,FR0000127771,VIV,Euronext Paris,EUR,22.055,22.175,21.94,22.095,05/12/2017 17:38,CET,2588131,57114391.01,xpar:VIV
SOLOCAL GROUP,FR0012938884,LOCAL,Euronext Paris,EUR,0.879,0.883,0.843,0.849,05/12/2017 17:35,CET,2423782,2078125.245,xpar:LOCAL
AIR FRANCE -KLM,FR0000031122,AF,"Euronext Paris, Amsterdam",EUR,12.02,12.215,11.96,12.195,05/12/2017 17:35,CET,2393190,28925941.69,xpar:AF
VEOLIA ENVIRON.,FR0000124141,VIE,Euronext Paris,EUR,21.22,21.375,21.13,21.22,05/12/2017 17:38,CET,2115646,44970785.98,xpar:VIE
SAINT GOBAIN,FR0000125007,SGO,"Euronext Paris, Amsterdam, Brussels",EUR,47.34,47.685,47.205,47.51,05/12/2017 17:39,CET,1624000,77126091.68,xpar:SGO
GECI INTL,FR0000079634,GECP,Euronext Paris,EUR,0.1,0.11,0.09,0.09,05/12/2017 17:35,CET,1588810,152988.87,xpar:GECP
SES,LU0088087324,SESG,Euronext Paris,EUR,14.35,14.35,14.2,14.3,05/12/2017 17:35,CET,1454975,20798443.54,xpar:SESG
TECHNICOLOR,FR0010918292,TCH,Euronext Paris,EUR,3.15,3.193,3.123,3.157,05/12/2017 17:35,CET,1427654,4514408.372,xpar:TCH
AIRBUS,NL0000235190,AIR,Euronext Paris,EUR,87.66,88.57,87.06,88.57,05/12/2017 18:04,CET,1385214,122074302.9,xpar:AIR
GROUPE SFPI,FR0004155000,SFPI,Euronext Paris,EUR,3.09,3.28,3.09,3.11,05/12/2017 17:28,CET,1374800,4331370.33,xpar:SFPI
CLARANOVA,FR0004026714,CLA,Euronext Paris,EUR,0.446,0.449,0.436,0.442,05/12/2017 17:35,CET,1365218,603451.594,xpar:CLA
ATARI,FR0010478248,ATA,Euronext Paris,EUR,0.35,0.35,0.34,0.35,05/12/2017 17:35,CET,1347278,460931.59,xpar:ATA
DANONE,FR0000120644,BN,Euronext Paris,EUR,69.49,70.35,69.49,70.12,05/12/2017 18:04,CET,1345597,94282288.07,xpar:BN
BOLLORE,FR0000039299,BOL,Euronext Paris,EUR,4.46,4.48,4.43,4.45,05/12/2017 17:38,CET,1313747,5847505.229,xpar:BOL
CATANA GROUP,FR0010193052,CATG,Euronext Paris,EUR,2.7,2.71,2.41,2.41,05/12/2017 17:35,CET,1275468,3223869.42,xpar:CATG
NOKIA,FI0009000681,NOKIA,Euronext Paris,EUR,4.011,4.044,3.984,4.028,05/12/2017 17:35,CET,1178228,4739186.766,xpar:NOKIA
TECHNIPFMC,GB00BDSFG982,FTI,Euronext Paris,EUR,24.44,24.62,24.145,24.205,05/12/2017 17:39,CET,1176761,28610327.76,xpar:FTI
BOUYGUES,FR0000120503,EN,Euronext Paris,EUR,43.505,44.19,43.465,44.035,05/12/2017 17:35,CET,1174344,51528171.32,xpar:EN
GROUPE EUROTUNNEL,FR0010533075,GET,"Euronext Paris, London",EUR,10.98,11.07,10.915,10.98,05/12/2017 17:35,CET,1138133,12503903.2,xpar:GET
VINCI,FR0000125486,DG,Euronext Paris,EUR,86.59,87.27,86.59,87.1,05/12/2017 18:31,CET,1130714,98389562.44,xpar:DG
FAURECIA,FR0000121147,EO,Euronext Paris,EUR,63.67,65.27,63.4,65.18,05/12/2017 17:36,CET,1071662,69222817.19,xpar:EO
SUEZ,FR0010613471,SEV,"Euronext Paris, Brussels",EUR,15.595,15.785,15.59,15.78,05/12/2017 17:36,CET,998419,15705196.65,xpar:SEV
SCHNEIDER ELECTRIC,FR0000121972,SU,Euronext Paris,EUR,71.43,71.91,70.86,71.2,05/12/2017 17:38,CET,976404,69630422.88,xpar:SU
REXEL,FR0010451203,RXL,Euronext Paris,EUR,15.54,15.675,15.225,15.225,05/12/2017 17:35,CET,968390,14877887.11,xpar:RXL
NEOPOST,FR0000120560,NEO,Euronext Paris,EUR,26.01,26.52,23.59,24,05/12/2017 17:35,CET,889853,21750002.72,xpar:NEO
ACCOR,FR0000120404,AC,Euronext Paris,EUR,43.075,43.24,42.59,42.59,05/12/2017 18:02,CET,829686,35480817.63,xpar:AC
AIR LIQUIDE,FR0000120073,AI,Euronext Paris,EUR,105.75,106.9,104.95,106.65,05/12/2017 17:35,CET,825646,87652583.1,xpar:AI
CASINO GUICHARD,FR0000125585,CO,Euronext Paris,EUR,51.81,53,51.81,52.55,05/12/2017 17:35,CET,801043,42188633.41,xpar:CO
CAPGEMINI,FR0000125338,CAP,Euronext Paris,EUR,96.63,96.85,95.03,96.5,05/12/2017 17:35,CET,777491,74736872.2,xpar:CAP
EUTELSAT COMMUNIC.,FR0010221234,ETL,Euronext Paris,EUR,19.365,19.465,19.05,19.055,05/12/2017 17:36,CET,775301,14850097.17,xpar:ETL
ESSILOR INTL.,FR0000121667,EI,Euronext Paris,EUR,111.95,112.95,111.3,112.8,05/12/2017 17:39,CET,741884,83332672.15,xpar:EI
PUBLICIS GROUPE SA,FR0000130577,PUB,Euronext Paris,EUR,55.98,56.76,55.95,55.95,05/12/2017 18:31,CET,700342,39408044.13,xpar:PUB
CGG,FR0013181864,CGG,Euronext Paris,EUR,3.93,4.14,3.83,4.14,05/12/2017 17:37,CET,698928,2781162.88,xpar:CGG
LVMH,FR0000121014,MC,Euronext Paris,EUR,242.05,247.05,242.05,245.9,05/12/2017 17:37,CET,692870,169715975.2,xpar:MC
RENAULT,FR0000131906,RNO,Euronext Paris,EUR,85.34,85.65,84.09,84.88,05/12/2017 17:38,CET,683438,58024108.32,xpar:RNO
KLEPIERRE,FR0000121964,LI,Euronext Paris,EUR,35.5,35.62,35.34,35.52,05/12/2017 17:35,CET,679561,24130252.78,xpar:LI
SAFRAN,FR0000073272,SAF,Euronext Paris,EUR,89.25,89.56,88.13,88.95,05/12/2017 17:35,CET,621181,55213254.68,xpar:SAF
ALSTOM,FR0010220475,ALO,Euronext Paris,EUR,34.645,34.88,34.27,34.42,05/12/2017 17:35,CET,616308,21228775.7,xpar:ALO
VALEO,FR0013176526,FR,Euronext Paris,EUR,60.27,60.68,59.94,60.43,05/12/2017 18:31,CET,615497,37139968,xpar:FR
LEGRAND,FR0010307819,LR,Euronext Paris,EUR,63.14,63.73,62.69,62.84,05/12/2017 17:37,CET,613426,38679570.07,xpar:LR
BUREAU VERITAS,FR0006174348,BVI,Euronext Paris,EUR,22.69,22.75,22.615,22.7,05/12/2017 17:35,CET,557774,12665526.98,xpar:BVI
ELIOR GROUP,FR0011950732,ELIOR,Euronext Paris,EUR,18.5,18.63,18.24,18.29,05/12/2017 17:35,CET,537416,9869946.125,xpar:ELIOR
HAVAS,FR0000121881,HAV,Euronext Paris,EUR,9.25,9.25,9.25,9.25,05/12/2017 17:35,CET,516096,4773888,xpar:HAV
L'OREAL,FR0000120321,OR,Euronext Paris,EUR,187,189.25,186.4,188.5,05/12/2017 18:05,CET,488156,91992749.4,xpar:OR
MICHELIN,FR0000121261,ML,Euronext Paris,EUR,124.05,124.8,122.75,123.25,05/12/2017 17:39,CET,475222,58666381.75,xpar:ML
UBISOFT ENTERTAIN,FR0000054470,UBI,Euronext Paris,EUR,64.25,64.99,62.78,64.88,05/12/2017 17:35,CET,460483,29558921.89,xpar:UBI
ALTRAN TECHN.,FR0000034639,ALT,Euronext Paris,EUR,14.48,14.48,14.28,14.35,05/12/2017 17:38,CET,415344,5971230.015,xpar:ALT
ATOS,FR0000051732,ATO,Euronext Paris,EUR,124.15,124.35,122.1,123.1,05/12/2017 17:35,CET,371014,45660307.25,xpar:ATO
PERNOD RICARD,FR0000120693,RI,Euronext Paris,EUR,129.7,131.2,129,131.05,05/12/2017 17:35,CET,366486,47903607.85,xpar:RI
EDENRED,FR0010908533,EDEN,Euronext Paris,EUR,24.185,24.4,24.11,24.155,05/12/2017 17:35,CET,365256,8841815.945,xpar:EDEN
EIFFAGE,FR0000130452,FGR,Euronext Paris,EUR,92.59,93.34,92.39,93.11,05/12/2017 17:35,CET,361006,33574137.73,xpar:FGR
INNATE PHARMA,FR0010331421,IPH,Euronext Paris,EUR,4.8,4.85,4.71,4.72,05/12/2017 17:39,CET,358113,1703780.07,xpar:IPH
SPIE,FR0012757854,SPIE,Euronext Paris,EUR,22.95,22.95,22.315,22.645,05/12/2017 17:35,CET,356841,8079377.78,xpar:SPIE
THALES,FR0000121329,HO,Euronext Paris,EUR,85.17,85.58,83.89,84.25,05/12/2017 17:38,CET,351377,29672109.36,xpar:HO
CNP ASSURANCES,FR0000120222,CNP,Euronext Paris,EUR,18.61,18.765,18.59,18.63,05/12/2017 17:35,CET,348020,6488533.785,xpar:CNP
ANF IMMOBILIER,FR0000063091,ANF,Euronext Paris,EUR,22.15,22.16,22.15,22.15,05/12/2017 17:37,CET,347103,7688359.74,xpar:ANF
ZODIAC AEROSPACE,FR0000125684,ZC,Euronext Paris,EUR,24.65,24.75,24.65,24.715,05/12/2017 18:31,CET,342517,8466287.535,xpar:ZC
SCOR SE,FR0010411983,SCR,Euronext Paris,EUR,34.21,34.36,33.97,34.035,05/12/2017 17:35,CET,334246,11398128.28,xpar:SCR
ALD,FR0013258662,ALD,Euronext Paris,EUR,13.59,13.89,13.415,13.44,05/12/2017 17:35,CET,313096,4236790.015,xpar:ALD
SODEXO,FR0000121220,SW,Euronext Paris,EUR,112.3,112.7,111.35,111.6,05/12/2017 17:35,CET,300958,33651607.65,xpar:SW
DASSAULT SYSTEMES,FR0000130650,DSY,Euronext Paris,EUR,89.65,89.92,88.46,89.64,05/12/2017 18:03,CET,300039,26812953.67,xpar:DSY
ELIS,FR0012435121,ELIS,Euronext Paris,EUR,22.09,22.29,22.02,22.275,05/12/2017 17:35,CET,257324,5713550.16,xpar:ELIS
EUROPCAR,FR0012789949,EUCAR,Euronext Paris,EUR,10.52,10.53,10.32,10.465,05/12/2017 17:35,CET,254266,2654688.67,xpar:EUCAR
MAUNA KEA TECH,FR0010609263,MKEA,Euronext Paris,EUR,4.62,4.63,4.49,4.49,05/12/2017 17:35,CET,251210,1141652.38,xpar:MKEA
LAGARDERE S.C.A.,FR0000130213,MMB,Euronext Paris,EUR,27.645,27.9,27.495,27.495,05/12/2017 17:35,CET,250951,6923775.875,xpar:MMB
TF1,FR0000054900,TFI,Euronext Paris,EUR,12.96,13.055,12.855,12.975,05/12/2017 17:35,CET,248325,3218580.885,xpar:TFI
AMUNDI,FR0004125920,AMUN,Euronext Paris,EUR,73.29,74.4,72.87,73.45,05/12/2017 17:35,CET,236954,17392946.08,xpar:AMUN
INGENICO GROUP,FR0000125346,ING,Euronext Paris,EUR,86.28,86.3,84.65,85.95,05/12/2017 17:35,CET,233675,20023320.32,xpar:ING
KERING,FR0000121485,KER,Euronext Paris,EUR,374.15,380.65,370.9,378.35,05/12/2017 17:35,CET,217261,81823405.05,xpar:KER
ONXEO,FR0010095596,ONXEO,Euronext Paris,EUR,1.07,1.07,1.06,1.06,05/12/2017 17:35,CET,211368,224725.37,xpar:ONXEO
MICROPOLE,FR0000077570,MUN,Euronext Paris,EUR,1.25,1.32,1.24,1.32,05/12/2017 17:37,CET,204859,261867.13,xpar:MUN
ERYTECH PHARMA,FR0011471135,ERYP,Euronext Paris,EUR,24.48,26.25,23.98,25.57,05/12/2017 17:35,CET,199504,5023402.17,xpar:ERYP
BIOMERIEUX,FR0013280286,BIM,Euronext Paris,EUR,71.5,73.87,71.4,73.72,05/12/2017 17:52,CET,197224,14388950.41,xpar:BIM
ACANTHE DEV.,FR0000064602,ACAN,Euronext Paris,EUR,0.76,0.77,0.75,0.76,05/12/2017 17:25,CET,194912,147260.34,xpar:ACAN
SOITEC,FR0013227113,SOI,Euronext Paris,EUR,60,60.74,58.61,60.69,05/12/2017 17:35,CET,193645,11527415.59,xpar:SOI
LAFARGEHOLCIM LTD,CH0012214059,LHN,Euronext Paris,EUR,45.5,45.98,45.335,45.71,05/12/2017 18:31,CET,188631,8610879.715,xpar:LHN
NEXANS,FR0000044448,NEX,Euronext Paris,EUR,54.1,54.44,53.1,53.24,05/12/2017 17:35,CET,176927,9505358.6,xpar:NEX
DERICHEBOURG,FR0000053381,DBG,Euronext Paris,EUR,9.06,9.09,8.82,9.05,05/12/2017 17:35,CET,169052,1519995.172,xpar:DBG
PLASTIC OMNIUM,FR0000124570,POM,Euronext Paris,EUR,36.3,36.5,35.7,36.07,05/12/2017 17:35,CET,164640,5950784.835,xpar:POM
FNAC DARTY,FR0011476928,FNAC,Euronext Paris,EUR,94,94.51,90.35,91.67,05/12/2017 17:35,CET,162167,14944351.39,xpar:FNAC
CIBOX INTER A CTIV,FR0000054322,CIB,Euronext Paris,EUR,0.11,0.12,0.1,0.12,05/12/2017 15:58,CET,159301,18025.11,xpar:CIB
TRANSGENE,FR0005175080,TNG,Euronext Paris,EUR,2.7,2.7,2.55,2.63,05/12/2017 17:35,CET,155593,407768.29,xpar:TNG
AVENIR TELECOM,FR0000066052,AVT,Euronext Paris,EUR,0.24,0.25,0.23,0.23,05/12/2017 17:35,CET,154452,36696.03,xpar:AVT
X-FAB,BE0974310428,XFAB,Euronext Paris,EUR,9.1,9.1,8.63,8.7,05/12/2017 17:39,CET,152121,1345626.83,xpar:XFAB
NANOBIOTIX,FR0011341205,NANO,Euronext Paris,EUR,13.98,13.98,13.22,13.32,05/12/2017 17:35,CET,147196,1977449.78,xpar:NANO
ARKEMA,FR0010313833,AKE,Euronext Paris,EUR,103.4,103.75,101.95,103.25,05/12/2017 17:38,CET,145563,14973040.3,xpar:AKE
ICADE,FR0000035081,ICAD,Euronext Paris,EUR,78.1,80.17,78.1,80.17,05/12/2017 17:35,CET,145367,11581607.04,xpar:ICAD
SEQUANA,FR0011352590,SEQ,Euronext Paris,EUR,0.68,0.7,0.67,0.67,05/12/2017 17:35,CET,143474,97922.87,xpar:SEQ
ASK,FR0011980077,ASK,Euronext Paris,EUR,1.22,1.31,1.21,1.25,05/12/2017 17:35,CET,141639,178879.45,xpar:ASK
RALLYE,FR0000060618,RAL,Euronext Paris,EUR,15.01,15.39,14.92,15.26,05/12/2017 17:35,CET,135133,2056118.72,xpar:RAL
AVIATION LATECOERE,FR0000032278,LAT,Euronext Paris,EUR,5.39,5.43,5.34,5.38,05/12/2017 17:35,CET,133749,718764.2,xpar:LAT
BENETEAU,FR0000035164,BEN,Euronext Paris,EUR,18.89,18.99,18.475,18.6,05/12/2017 17:35,CET,132226,2473275.92,xpar:BEN
JC DECAUX SA.,FR0000077919,DEC,Euronext Paris,EUR,34.855,35.05,34.69,34.745,05/12/2017 17:35,CET,129565,4517590.185,xpar:DEC
RUBIS,FR0013269123,RUI,Euronext Paris,EUR,59.75,59.75,59.2,59.62,05/12/2017 17:35,CET,122654,7298077.84,xpar:RUI
ST DUPONT,FR0000054199,DPT,Euronext Paris,EUR,0.18,0.19,0.18,0.19,05/12/2017 17:20,CET,122433,22085.02,xpar:DPT
MERCIALYS,FR0010241638,MERY,Euronext Paris,EUR,17.735,17.815,17.68,17.815,05/12/2017 17:35,CET,120782,2143722.815,xpar:MERY
TELEPERFORMANCE,FR0000051807,RCF,Euronext Paris,EUR,122.55,123.55,121.1,121.7,05/12/2017 17:36,CET,119981,14626770.15,xpar:RCF
BIC,FR0000120966,BB,Euronext Paris,EUR,95.95,96.24,95.06,95.47,05/12/2017 17:35,CET,117994,11274667.37,xpar:BB
KORIAN,FR0010386334,KORI,Euronext Paris,EUR,29,29.4,29,29.2,05/12/2017 17:36,CET,117965,3443639.705,xpar:KORI
IPSEN,FR0010259150,IPN,Euronext Paris,EUR,100.5,101.2,98.61,100.3,05/12/2017 17:35,CET,110897,11063890.73,xpar:IPN
AB SCIENCE,FR0010557264,AB,Euronext Paris,EUR,8.64,8.8,8.5,8.65,05/12/2017 17:35,CET,105480,911579.88,xpar:AB
ERAMET,FR0000131757,ERA,Euronext Paris,EUR,83.57,83.57,80.04,80.04,05/12/2017 17:35,CET,103659,8415364.68,xpar:ERA
DBV TECHNOLOGIES,FR0010417345,DBV,Euronext Paris,EUR,36.33,36.65,35.725,35.725,05/12/2017 17:35,CET,102416,3690231.295,xpar:DBV
EKINOPS,FR0011466069,EKI,Euronext Paris,EUR,4.82,4.96,4.78,4.83,05/12/2017 17:35,CET,98334,478347.37,xpar:EKI
FONC.DES REGIONS,FR0000064578,FDR,Euronext Paris,EUR,88.92,90.29,88.75,90.26,05/12/2017 17:39,CET,97980,8805242.03,xpar:FDR
GENSIGHT BIOLOGICS,FR0013183985,SIGHT,Euronext Paris,EUR,5.34,5.47,5.16,5.2,05/12/2017 17:35,CET,96118,505863.07,xpar:SIGHT
RECYLEX S.A.,FR0000120388,RX,Euronext Paris,EUR,12.67,12.76,12.45,12.59,05/12/2017 17:36,CET,95043,1193663.9,xpar:RX
COFACE,FR0010667147,COFA,Euronext Paris,EUR,9.25,9.3,9.11,9.17,05/12/2017 17:35,CET,91737,843316.81,xpar:COFA
EURONEXT,NL0006294274,ENX,"Euronext Paris, Amsterdam, Brussels",EUR,50.85,51,50.3,50.47,05/12/2017 17:35,CET,88565,4473676.62,xpar:ENX
NICOX,FR0013018124,COX,Euronext Paris,EUR,10.15,10.275,10.015,10.065,05/12/2017 17:35,CET,87249,880996.71,xpar:COX
GECINA NOM.,FR0010040865,GFC,Euronext Paris,EUR,140.15,142.2,140.05,142.2,05/12/2017 17:35,CET,86551,12275529.1,xpar:GFC
MAISONS DU MONDE,FR0013153541,MDM,Euronext Paris,EUR,34.365,34.38,33.7,34.16,05/12/2017 17:37,CET,85821,2923207.595,xpar:MDM
PROLOGUE,FR0010380626,PROL,Euronext Paris,EUR,0.71,0.71,0.69,0.71,05/12/2017 17:35,CET,84963,59335.59,xpar:PROL
INSIDE SECURE,FR0010291245,INSD,Euronext Paris,EUR,2.71,2.72,2.62,2.67,05/12/2017 17:35,CET,84629,224874.97,xpar:INSD
ILIAD,FR0004035913,ILD,Euronext Paris,EUR,197.6,199.2,197,198.15,05/12/2017 17:35,CET,82858,16419614.65,xpar:ILD
EURAZEO,FR0000121121,RF,Euronext Paris,EUR,74,74.23,73.68,73.85,05/12/2017 17:35,CET,80008,5911897.82,xpar:RF
ADP,FR0010340141,ADP,Euronext Paris,EUR,161.35,163.25,161.35,162.85,05/12/2017 17:35,CET,79806,12982156.25,xpar:ADP
FONC. PARIS NORD,FR0011277391,FPN,Euronext Paris,EUR,0.04,0.04,0.03,0.03,05/12/2017 15:49,CET,78152,2684.4,xpar:FPN
ARCHOS,FR0000182479,JXR,Euronext Paris,EUR,0.68,0.68,0.67,0.67,05/12/2017 17:35,CET,77735,52392.08,xpar:JXR
REMY COINTREAU,FR0000130395,RCO,Euronext Paris,EUR,110.6,112.6,110.5,112.1,05/12/2017 17:35,CET,74484,8327657.45,xpar:RCO
GENFIT,FR0004163111,GNFT,Euronext Paris,EUR,22.57,22.78,22.38,22.52,05/12/2017 17:35,CET,74002,1667616.21,xpar:GNFT
MAUREL ET PROM,FR0000051070,MAU,Euronext Paris,EUR,3.54,3.56,3.54,3.54,05/12/2017 17:35,CET,73402,260403.04,xpar:MAU
ABC ARBITRAGE,FR0004040608,ABCA,Euronext Paris,EUR,6.3,6.35,6.25,6.25,05/12/2017 17:35,CET,69723,438921.64,xpar:ABCA
SERGEFERRARI GROUP,FR0011950682,SEFER,Euronext Paris,EUR,11.14,11.14,11.1,11.1,05/12/2017 17:36,CET,65479,726823.44,xpar:SEFER
GTT,FR0011726835,GTT,Euronext Paris,EUR,45.975,46.85,45.975,46.505,05/12/2017 17:35,CET,65093,3025783.545,xpar:GTT
CHARGEURS,FR0000130692,CRI,Euronext Paris,EUR,23.82,23.95,23.47,23.53,05/12/2017 17:35,CET,64656,1532157.2,xpar:CRI
PIXIUM VISION,FR0011950641,PIX,Euronext Paris,EUR,2.88,2.88,2.66,2.7,05/12/2017 17:35,CET,62945,173285.2,xpar:PIX
SMCP,FR0013214145,SMCP,Euronext Paris,EUR,19.155,19.215,18.605,18.8,05/12/2017 17:35,CET,62690,1191105.755,xpar:SMCP
SUPERSONIC IMAGINE,FR0010526814,SSI,Euronext Paris,EUR,1.95,1.95,1.87,1.95,05/12/2017 17:29,CET,62396,119839.65,xpar:SSI
FUTUREN,FR0011284991,FTRN,Euronext Paris,EUR,1.13,1.14,1.12,1.13,05/12/2017 17:28,CET,60944,68879.06,xpar:FTRN
METROPOLE TV,FR0000053225,MMT,Euronext Paris,EUR,21.7,21.97,21.67,21.73,05/12/2017 17:35,CET,60755,1322102.85,xpar:MMT
TXCELL,FR0010127662,TXCL,Euronext Paris,EUR,1.48,1.49,1.44,1.47,05/12/2017 17:35,CET,57668,85030.43,xpar:TXCL
VALNEVA,FR0004056851,VLA,Euronext Paris,EUR,2.91,2.91,2.88,2.9,05/12/2017 17:35,CET,55152,159690.84,xpar:VLA
EULER HERMES GROUP,FR0004254035,ELE,Euronext Paris,EUR,121.9,121.9,121.55,121.6,05/12/2017 17:35,CET,54676,6650221.6,xpar:ELE
ALBIOMA,FR0000060402,ABIO,Euronext Paris,EUR,19.66,19.92,19.62,19.81,05/12/2017 17:35,CET,51546,1019302.83,xpar:ABIO
METABOLIC EXPLORER,FR0004177046,METEX,Euronext Paris,EUR,2.26,2.26,2.22,2.22,05/12/2017 17:35,CET,50944,113753.15,xpar:METEX
WENDEL,FR0000121204,MF,Euronext Paris,EUR,141.15,141.6,140.85,141.15,05/12/2017 17:35,CET,50916,7188215.8,xpar:MF
IMERYS,FR0000120859,NK,Euronext Paris,EUR,76.85,77.33,76.55,76.8,05/12/2017 17:35,CET,50843,3906963.38,xpar:NK
SARTORIUS STED BIO,FR0013154002,DIM,Euronext Paris,EUR,60.27,60.31,59.9,60.1,05/12/2017 17:35,CET,49597,2981358.82,xpar:DIM
HUBWOO,FR0004052561,HBW,Euronext Paris,EUR,0.16,0.16,0.16,0.16,18/10/2017 14:14,CET,49400,7904,xpar:HBW
DIRECT ENERGIE,FR0004191674,DIREN,Euronext Paris,EUR,36.94,36.94,36.065,36.425,05/12/2017 17:35,CET,49169,1794989.65,xpar:DIREN
NEXITY,FR0010112524,NXI,Euronext Paris,EUR,50.6,50.88,50.34,50.8,05/12/2017 17:35,CET,47249,2392262.72,xpar:NXI
WORLDLINE,FR0011981968,WLN,Euronext Paris,EUR,41.83,41.85,41.075,41.13,05/12/2017 18:31,CET,46947,1939429.425,xpar:WLN
RIBER,FR0000075954,RIB,Euronext Paris,EUR,3.93,3.94,3.77,3.8,05/12/2017 17:35,CET,45312,173707.91,xpar:RIB
ORPEA,FR0000184798,ORP,Euronext Paris,EUR,100.15,101.35,100.15,101.1,05/12/2017 17:35,CET,45107,4549720.6,xpar:ORP
CERENIS,FR0012616852,CEREN,Euronext Paris,EUR,1.95,1.95,1.89,1.9,05/12/2017 17:35,CET,44908,85558.16,xpar:CEREN
TARKETT,FR0004188670,TKTT,Euronext Paris,EUR,33.01,33.13,32.66,33,05/12/2017 17:35,CET,40871,1345515.93,xpar:TKTT
HAULOTTE GROUP,FR0000066755,PIG,Euronext Paris,EUR,15.6,15.6,15.25,15.4,05/12/2017 17:35,CET,40516,626740.67,xpar:PIG
S.E.B.,FR0000121709,SK,Euronext Paris,EUR,154.55,155.35,153.85,153.85,05/12/2017 17:35,CET,39055,6023399.5,xpar:SK
HERMES INTL,FR0000052292,RMS,Euronext Paris,EUR,436.8,437.8,432.95,437,05/12/2017 17:35,CET,39000,17002761.75,xpar:RMS
FIGEAC AERO,FR0011665280,FGA,Euronext Paris,EUR,15.9,16,15.51,15.74,05/12/2017 17:35,CET,38248,599830.48,xpar:FGA
PRODWAYS,FR0012613610,PWG,Euronext Paris,EUR,4.91,4.91,4.78,4.8,05/12/2017 17:29,CET,37951,183659.83,xpar:PWG
SOPRA STERIA GROUP,FR0000050809,SOP,Euronext Paris,EUR,151.5,152.25,148.9,152.15,05/12/2017 17:35,CET,34516,5214628.5,xpar:SOP
GUILLEMOT,FR0000066722,GUI,Euronext Paris,EUR,4.99,4.99,4.88,4.88,05/12/2017 17:35,CET,33738,165550.69,xpar:GUI
SHOWROOMPRIVE,FR0013006558,SRP,Euronext Paris,EUR,10.01,10.04,9.7,9.77,05/12/2017 17:35,CET,33522,329846.55,xpar:SRP
LISI,FR0000050353,FII,Euronext Paris,EUR,39.495,39.55,39.1,39.42,05/12/2017 17:35,CET,33406,1314480.98,xpar:FII
HSBC HOLDINGS,GB0005405286,HSB,Euronext Paris,EUR,8.33,8.33,8.28,8.28,05/12/2017 17:35,CET,33191,275303.08,xpar:HSB
MBWS,FR0000060873,MBWS,Euronext Paris,EUR,11.74,11.91,11.65,11.7,05/12/2017 17:35,CET,32702,384261.16,xpar:MBWS
POXEL,FR0012432516,POXEL,Euronext Paris,EUR,6.76,6.8,6.7,6.73,05/12/2017 17:35,CET,32491,219089.91,xpar:POXEL
VOLTALIA,FR0011995588,VLTSA,Euronext Paris,EUR,10.9,11,10.85,10.95,05/12/2017 17:35,CET,32450,355142.74,xpar:VLTSA
ROTHSCHILD & CO,FR0000031684,ROTH,Euronext Paris,EUR,31.5,31.625,31.38,31.55,05/12/2017 17:35,CET,31898,1003897.675,xpar:ROTH
CHRISTIAN DIOR,FR0000130403,CDI,Euronext Paris,EUR,300,300.7,298.35,300.05,05/12/2017 17:35,CET,31004,9297659.35,xpar:CDI
IPSOS,FR0000073298,IPS,Euronext Paris,EUR,29.99,30.38,29.99,30.185,05/12/2017 17:35,CET,30383,917796.59,xpar:IPS
GROUPE VIAL,FR0010340406,VIA,Euronext Paris,EUR,0.9,0.92,0.89,0.91,31/01/2014 17:13,CET,27550,24833.5,xpar:VIA
LECTRA,FR0000065484,LSS,Euronext Paris,EUR,23.25,23.79,23.24,23.57,05/12/2017 17:35,CET,26980,632020.27,xpar:LSS
GENERAL ELECTRIC,US3696041033,GNE,Euronext Paris,EUR,15.25,15.25,14.91,15.15,05/12/2017 17:35,CET,26910,406190.59,xpar:GNE
QUANTEL,FR0000038242,QUA,Euronext Paris,EUR,7.24,7.24,6.85,7,05/12/2017 17:35,CET,26346,186312.68,xpar:QUA
INTERPARFUMS,FR0004024222,ITP,Euronext Paris,EUR,33.8,34.5,33.72,34.1,05/12/2017 17:35,CET,26056,890893.5,xpar:ITP
INNELEC MULTIMEDIA,FR0000064297,INN,Euronext Paris,EUR,5.95,6.04,5.48,5.77,05/12/2017 17:37,CET,25573,149525.88,xpar:INN
VICAT,FR0000031775,VCT,Euronext Paris,EUR,68.39,68.5,67.43,67.45,05/12/2017 17:35,CET,25459,1725223.43,xpar:VCT
SAFE ORTHOPAEDICS,FR0012452746,SAFOR,Euronext Paris,EUR,0.54,0.54,0.51,0.53,05/12/2017 17:35,CET,25375,13311.78,xpar:SAFOR
ELECTRO POWER,FR0012650166,EPS,Euronext Paris,EUR,11.45,11.45,10.83,11.18,05/12/2017 17:35,CET,25321,279017.14,xpar:EPS
PARROT,FR0004038263,PARRO,Euronext Paris,EUR,8.5,8.5,8.21,8.3,05/12/2017 17:35,CET,25017,209062.96,xpar:PARRO
CBO TERRITORIA,FR0010193979,CBOT,Euronext Paris,EUR,3.84,3.86,3.8,3.84,05/12/2017 17:22,CET,24787,94937.95,xpar:CBOT
OL GROUPE,FR0010428771,OLG,Euronext Paris,EUR,3.01,3.03,2.96,2.98,05/12/2017 17:35,CET,23865,71539.27,xpar:OLG
ANTALIS INTERNATIO,FR0013258589,ANTA,Euronext Paris,EUR,1.94,1.96,1.91,1.95,05/12/2017 17:37,CET,23605,45796.93,xpar:ANTA
MERSEN,FR0000039620,MRN,Euronext Paris,EUR,37.5,37.59,37.25,37.47,05/12/2017 17:35,CET,22788,852387.4,xpar:MRN
FERMENTALG,FR0011271600,FALG,Euronext Paris,EUR,3.37,3.44,3.37,3.43,05/12/2017 17:37,CET,22179,75525,xpar:FALG
ZCI LIMITED,BMG9887P1068,CV,Euronext Paris,EUR,0.17,0.2,0.17,0.2,04/08/2015 16:20,CET,21826,3755.94,xpar:CV
BIGBEN INTERACTIVE,FR0000074072,BIG,Euronext Paris,EUR,13.34,13.34,13.15,13.19,05/12/2017 17:35,CET,21294,281462.22,xpar:BIG
HIGH CO,FR0000054231,HCO,Euronext Paris,EUR,4.99,4.99,4.75,4.94,05/12/2017 17:35,CET,20833,101900.39,xpar:HCO
CARMILA,FR0010828137,CARM,Euronext Paris,EUR,23.25,23.35,23.1,23.345,05/12/2017 17:35,CET,20520,476998.35,xpar:CARM
GROUPE FLO,FR0004076891,FLO,Euronext Paris,EUR,0.26,0.26,0.25,0.25,05/12/2017 15:08,CET,19918,4993.5,xpar:FLO
TOUAX,FR0000033003,TOUP,Euronext Paris,EUR,11.82,11.82,11.47,11.5,05/12/2017 17:35,CET,19638,228781.79,xpar:TOUP
SQLI,FR0011289040,SQI,Euronext Paris,EUR,35.4,37.25,35.3,36.92,05/12/2017 17:35,CET,19631,708880.72,xpar:SQI
CELLNOVO,FR0012633360,CLNV,Euronext Paris,EUR,3.03,3.04,2.95,2.99,05/12/2017 17:35,CET,18950,56739.49,xpar:CLNV
EUROPACORP,FR0010490920,ECP,Euronext Paris,EUR,1.12,1.13,1.1,1.1,05/12/2017 17:35,CET,18610,20650.98,xpar:ECP
MEMSCAP REGPT,FR0010298620,MEMS,Euronext Paris,EUR,2.25,2.26,2.2,2.25,05/12/2017 16:40,CET,18313,40852.87,xpar:MEMS
EUROFINS SCIENT.,FR0000038259,ERF,Euronext Paris,EUR,506,507.15,497.5,504.6,05/12/2017 17:35,CET,17828,8967758.1,xpar:ERF
GROUPE GORGE,FR0000062671,GOE,Euronext Paris,EUR,16.41,16.53,15.59,15.96,05/12/2017 17:27,CET,17362,278988.31,xpar:GOE
ALTEN,FR0000071946,ATE,Euronext Paris,EUR,70,70.12,69.35,69.98,05/12/2017 17:35,CET,16838,1175205.13,xpar:ATE
MEDASYS,FR0000052623,MED,Euronext Paris,EUR,0.39,0.39,0.38,0.39,05/12/2017 17:35,CET,16107,6256.13,xpar:MED
ACTIA GROUP,FR0000076655,ATI,Euronext Paris,EUR,7.03,7.09,7,7,05/12/2017 17:35,CET,15858,111493.02,xpar:ATI
MGI COUTIER,FR0000053027,MGIC,Euronext Paris,EUR,33.71,34,33.05,33.09,05/12/2017 17:35,CET,15658,524576.43,xpar:MGIC
GENKYOTEX,FR0011790542,GKTX,"Euronext Paris, Brussels",EUR,1.69,1.7,1.66,1.66,05/12/2017 17:35,CET,15206,25498.49,xpar:GKTX
MEDIAWAN WAR,FR0013128907,MDWBS,Euronext Paris,EUR,0.41,0.41,0.41,0.41,31/10/2017 15:00,CET,15000,6150,xpar:MDWBS
MCPHY ENERGY,FR0011742329,MCPHY,Euronext Paris,EUR,4.88,4.9,4.8,4.83,05/12/2017 17:26,CET,14778,71530.09,xpar:MCPHY
BONDUELLE,FR0000063935,BON,Euronext Paris,EUR,39.27,39.79,39.1,39.6,05/12/2017 17:35,CET,14338,564532.69,xpar:BON
BOURBON CORP.,FR0004548873,GBB,Euronext Paris,EUR,6.79,6.79,6.7,6.73,05/12/2017 17:35,CET,14312,96410.29,xpar:GBB
ADOCIA,FR0011184241,ADOC,Euronext Paris,EUR,15,15.08,14.93,14.97,05/12/2017 17:35,CET,14232,213863.92,xpar:ADOC
XILAM ANIMATION,FR0004034072,XIL,Euronext Paris,EUR,37.4,37.73,35.13,36,05/12/2017 17:35,CET,14134,513565.24,xpar:XIL
GENOMIC VISION,FR0011799907,GV,Euronext Paris,EUR,3.35,3.38,3.3,3.33,05/12/2017 17:25,CET,13970,46405.05,xpar:GV
U10,FR0000079147,UDIS,Euronext Paris,EUR,3.45,3.49,3.39,3.45,05/12/2017 17:09,CET,13966,47983.06,xpar:UDIS
LNA SANTE,FR0004170017,LNA,Euronext Paris,EUR,56.61,56.61,55.43,56.25,05/12/2017 17:35,CET,13536,758616.71,xpar:LNA
VILMORIN & CIE,FR0000052516,RIN,Euronext Paris,EUR,80.5,82.5,80.49,82.46,05/12/2017 17:35,CET,13268,1086731.9,xpar:RIN
STENTYS,FR0010949404,STNT,Euronext Paris,EUR,1.77,1.77,1.76,1.76,05/12/2017 17:35,CET,12937,22843.85,xpar:STNT
TRIGANO,FR0005691656,TRI,Euronext Paris,EUR,131.2,131.2,128.1,128.5,05/12/2017 17:35,CET,12832,1654800.6,xpar:TRI
MND,FR0011584549,MND,Euronext Paris,EUR,6.43,6.43,6.32,6.41,05/12/2017 17:35,CET,12788,81372.45,xpar:MND
ORCHESTRA-PREMAMAN,FR0013190410,KAZI,Euronext Paris,EUR,4.42,4.42,4.27,4.35,05/12/2017 16:02,CET,12399,53627.33,xpar:KAZI
KAUFMAN ET BROAD,FR0004007813,KOF,Euronext Paris,EUR,39,39.01,38.7,38.99,05/12/2017 17:35,CET,12219,475624.83,xpar:KOF
VALNEVA PREF,FR0011472943,VLAP,Euronext Paris,EUR,0.03,0.03,0.03,0.03,05/12/2017 16:40,CET,12097,362.91,xpar:VLAP
BENI STABILI,IT0001389631,BNS,Euronext Paris,EUR,0.75,0.76,0.75,0.76,05/12/2017 16:34,CET,11935,9069.45,xpar:BNS
FONCIERE VOLTA,FR0000053944,SPEL,Euronext Paris,EUR,4.16,4.16,4.16,4.16,30/11/2017 11:30,CET,11900,49504,xpar:SPEL
AMPLITUDE SURGICAL,FR0012789667,AMPLI,Euronext Paris,EUR,3.8,3.8,3.75,3.76,05/12/2017 17:29,CET,11819,44596.24,xpar:AMPLI
OENEO,FR0000052680,SBT,Euronext Paris,EUR,9.91,9.93,9.84,9.9,05/12/2017 17:35,CET,11775,116564.71,xpar:SBT
EGIDE,FR0000072373,GID,Euronext Paris,EUR,2.25,2.26,2.21,2.26,05/12/2017 16:47,CET,11220,25163.82,xpar:GID
EOS IMAGING,FR0011191766,EOSI,Euronext Paris,EUR,4.85,4.88,4.8,4.88,05/12/2017 17:35,CET,11023,53417.73,xpar:EOSI
PLAST.VAL LOIRE,FR0013252186,PVL,Euronext Paris,EUR,22.02,22.36,21.85,21.94,05/12/2017 17:35,CET,10987,242127.12,xpar:PVL
BASTIDE LE CONFORT,FR0000035370,BLC,Euronext Paris,EUR,45,45,44,44.75,05/12/2017 17:35,CET,10766,481336.06,xpar:BLC
DEVOTEAM,FR0000073793,DVT,Euronext Paris,EUR,74.54,74.58,71.75,73.2,05/12/2017 17:35,CET,10512,761168.85,xpar:DVT
AMOEBA,FR0011051598,AMEBA,Euronext Paris,EUR,15.21,15.21,14.75,14.94,05/12/2017 16:53,CET,10308,153655.46,xpar:AMEBA
SWORD GROUP,FR0004180578,SWP,Euronext Paris,EUR,33.4,33.4,33.25,33.3,05/12/2017 17:36,CET,10212,340812.65,xpar:SWP
ARTPRICE COM,FR0000074783,PRC,Euronext Paris,EUR,17.75,17.95,17.45,17.62,05/12/2017 17:35,CET,9939,174674.22,xpar:PRC
GENEURO,CH0308403085,GNRO,Euronext Paris,EUR,5.85,5.88,5.75,5.79,05/12/2017 17:37,CET,9821,57119.11,xpar:GNRO
ABIVAX,FR0012333284,ABVX,Euronext Paris,EUR,8.99,9.12,8.8,8.81,05/12/2017 17:35,CET,9743,86720.32,xpar:ABVX
JACQUET METAL SCE,FR0000033904,JCQ,Euronext Paris,EUR,25.41,25.48,25.3,25.4,05/12/2017 17:35,CET,9726,246927.715,xpar:JCQ
MAISONS FRANCE,FR0004159473,MFC,Euronext Paris,EUR,59.72,60.47,59.6,59.6,05/12/2017 17:35,CET,9674,578819.42,xpar:MFC
ATEME,FR0011992700,ATEME,Euronext Paris,EUR,17.4,17.62,16.86,16.97,05/12/2017 17:35,CET,9371,161265.37,xpar:ATEME
SODITECH,FR0000078321,SEC,Euronext Paris,EUR,1.08,1.08,0.98,0.98,05/12/2017 16:32,CET,9219,9284.62,xpar:SEC
ADC SIIC,BE0974269012,ALDV,Euronext Paris,EUR,0.12,0.12,0.12,0.12,05/12/2017 16:30,CET,9150,1098,xpar:ALDV
KEYRUS,FR0004029411,KEY,Euronext Paris,EUR,5.94,5.94,5.72,5.89,05/12/2017 17:35,CET,9054,53192.53,xpar:KEY
AWOX,FR0011800218,AWOX,Euronext Paris,EUR,2.49,2.5,2.45,2.49,05/12/2017 16:22,CET,8531,21199.13,xpar:AWOX
CS (COMM.SYSTEMES),FR0007317813,SX,Euronext Paris,EUR,5.61,5.65,5.6,5.65,05/12/2017 17:22,CET,8302,46577.23,xpar:SX
AKKA TECHNOLOGIES,FR0004180537,AKA,Euronext Paris,EUR,46.79,47.2,46.51,46.84,05/12/2017 17:35,CET,8034,376757.34,xpar:AKA
MANITOU BF,FR0000038606,MTU,Euronext Paris,EUR,31.49,31.49,31.3,31.47,05/12/2017 17:35,CET,7984,250163.72,xpar:MTU
CRCAM NORD CCI,FR0000185514,CNF,Euronext Paris,EUR,20.91,21,20.53,20.95,05/12/2017 17:35,CET,7185,149738.87,xpar:CNF
A.S.T. GROUPE,FR0000076887,ASP,Euronext Paris,EUR,8.04,8.04,7.78,7.83,05/12/2017 17:35,CET,6888,54412.88,xpar:ASP
FFP,FR0000064784,FFP,Euronext Paris,EUR,98.35,98.35,95,96.1,05/12/2017 17:35,CET,6874,662188.97,xpar:FFP
VIRBAC,FR0000031577,VIRP,Euronext Paris,EUR,106.45,106.45,104.2,104.85,05/12/2017 17:35,CET,6811,714869.75,xpar:VIRP
FIPP,FR0000038184,FIPP,Euronext Paris,EUR,0.23,0.23,0.22,0.22,05/12/2017 17:35,CET,6766,1509.52,xpar:FIPP
GPE GROUP PIZZORNO,FR0010214064,GPE,Euronext Paris,EUR,26.49,26.5,26.22,26.45,05/12/2017 17:35,CET,6600,174340.14,xpar:GPE
GUERBET,FR0000032526,GBT,Euronext Paris,EUR,74.12,75,73.35,75,05/12/2017 17:35,CET,6266,465931.14,xpar:GBT
BUSINESS ET DECIS.,FR0000078958,BND,Euronext Paris,EUR,7.9,7.98,7.9,7.97,05/12/2017 17:01,CET,6246,49390.02,xpar:BND
CONSTELLIUM,NL0010489522,CSTM,Euronext Paris,EUR,8.61,9.19,8.61,9.19,01/12/2017 16:47,CET,6135,55371.76,xpar:CSTM
IT LINK,FR0000072597,ITL,Euronext Paris,EUR,17,17,16.8,17,05/12/2017 17:35,CET,5927,100311.81,xpar:ITL
GROUPE OPEN,FR0004050300,OPN,Euronext Paris,EUR,28.98,29.01,28.71,29,05/12/2017 17:35,CET,5817,168177.05,xpar:OPN
LDC,FR0013204336,LOUP,Euronext Paris,EUR,108.95,109,108.6,108.95,05/12/2017 17:35,CET,5700,619990.7,xpar:LOUP
ESI GROUP,FR0004110310,ESI,Euronext Paris,EUR,42.67,43.05,41.82,42.99,05/12/2017 17:35,CET,5699,242009.47,xpar:ESI
ASSYSTEM,FR0000074148,ASY,Euronext Paris,EUR,31.53,31.54,31.12,31.15,05/12/2017 17:35,CET,5698,178483.31,xpar:ASY
AUBAY,FR0000063737,AUB,Euronext Paris,EUR,33.61,33.94,33.5,33.93,05/12/2017 17:35,CET,5559,187050.57,xpar:AUB
NETGEM,FR0004154060,NTG,Euronext Paris,EUR,2.38,2.39,2.37,2.39,05/12/2017 17:27,CET,5119,12178.72,xpar:NTG
ID LOGISTICS GROUP,FR0010929125,IDL,Euronext Paris,EUR,128.9,128.92,128,128.89,05/12/2017 17:35,CET,5095,652890.29,xpar:IDL
FRANCAISE ENERGIE,FR0013030152,LFDE,Euronext Paris,EUR,20.18,20.2,18.99,19,05/12/2017 17:35,CET,4882,95052.29,xpar:LFDE
LINEDATA SERVICES,FR0004156297,LIN,Euronext Paris,EUR,39.16,39.17,38.99,39.13,05/12/2017 17:35,CET,4863,189745.59,xpar:LIN
DASSAULT AVIATION,FR0000121725,AM,Euronext Paris,EUR,1303.3,1319.4,1298.1,1317.85,05/12/2017 18:02,CET,4857,6376521.42,xpar:AM
ALTAREA,FR0000033219,ALTA,Euronext Paris,EUR,193.1,193.45,192.5,193.2,05/12/2017 18:31,CET,4800,927111.6,xpar:ALTA
VIEL ET COMPAGNIE,FR0000050049,VIL,Euronext Paris,EUR,5.3,5.4,5.29,5.29,05/12/2017 16:58,CET,4784,25348.11,xpar:VIL
TFF GROUP,FR0013295789,TFF,Euronext Paris,EUR,41.45,41.45,41.01,41.01,05/12/2017 17:06,CET,4757,195982.65,xpar:TFF
CRCAM BRIE PIC2CCI,FR0010483768,CRBP2,Euronext Paris,EUR,25.16,25.35,25.11,25.11,05/12/2017 17:35,CET,4569,114999.16,xpar:CRBP2
NATUREX,FR0000054694,NRX,Euronext Paris,EUR,88,88.89,87.95,88.02,05/12/2017 17:35,CET,4532,400553.47,xpar:NRX
GL EVENTS,FR0000066672,GLO,Euronext Paris,EUR,24.94,25,24.73,24.77,05/12/2017 17:35,CET,4324,107607.93,xpar:GLO
SCBSM,FR0006239109,CBSM,Euronext Paris,EUR,7.22,7.22,7.15,7.2,05/12/2017 16:23,CET,4173,29998.97,xpar:CBSM
GROUPE LDLC,FR0000075442,LDL,Euronext Paris,EUR,19.39,20.59,19.39,20.03,05/12/2017 17:35,CET,4064,80735.85,xpar:LDL
GENERIX,FR0010501692,GENX,Euronext Paris,EUR,2.89,2.91,2.87,2.88,05/12/2017 17:08,CET,4040,11660.87,xpar:GENX
BALYO,FR0013258399,BALYO,Euronext Paris,EUR,6.99,6.99,6.86,6.9,05/12/2017 17:35,CET,3905,27077.75,xpar:BALYO
IGE + XAO,FR0000030827,IGE,Euronext Paris,EUR,131.54,132.1,131.54,132.1,05/12/2017 17:29,CET,3896,513236.1,xpar:IGE
LACROIX SA,FR0000066607,LACR,Euronext Paris,EUR,24.64,24.76,24.5,24.76,05/12/2017 17:04,CET,3883,95465.78,xpar:LACR
NEURONES,FR0004050250,NRO,Euronext Paris,EUR,27.99,28,26.4,28,05/12/2017 17:35,CET,3877,105268.43,xpar:NRO
OSE IMMUNO,FR0012127173,OSE,Euronext Paris,EUR,3.6,3.7,3.6,3.62,05/12/2017 17:03,CET,3845,14000.46,xpar:OSE
FONCIERE DES MURS,FR0000060303,FMU,Euronext Paris,EUR,28.35,28.35,28,28.26,05/12/2017 17:35,CET,3633,102777.43,xpar:FMU
SPIR COMMUNICATION,FR0000131732,SPI,Euronext Paris,EUR,3.64,3.64,3.5,3.53,21/02/2017 14:59,CET,3451,12183.56,xpar:SPI
VRANKEN-POMMERY,FR0000062796,VRAP,"Euronext Paris, Brussels",EUR,23.99,24.25,23.99,24.2,05/12/2017 17:06,CET,3180,76573.75,xpar:VRAP
SCHLUMBERGER,AN8068571086,SLB,Euronext Paris,EUR,55,55,53.78,54.99,05/12/2017 17:35,CET,3113,168650.59,xpar:SLB
AFFINE R.E.,FR0000036105,IML,Euronext Paris,EUR,16.91,17,16.66,16.67,05/12/2017 17:35,CET,2987,50331.79,xpar:IML
AXWAY SOFTWARE,FR0011040500,AXW,Euronext Paris,EUR,22.17,22.3,22.04,22.19,05/12/2017 17:35,CET,2945,65314.9,xpar:AXW
TONNA ELECTRONIQUE,FR0000064388,TONN,Euronext Paris,EUR,0.85,0.85,0.85,0.85,04/12/2017 11:31,CET,2904,2468.4,xpar:TONN
SYNERGIE,FR0000032658,SDG,Euronext Paris,EUR,44.22,44.22,43.49,43.71,05/12/2017 17:35,CET,2855,125077.71,xpar:SDG
GROUPE CRIT,FR0000036675,CEN,Euronext Paris,EUR,78.8,80.49,78.47,80.06,05/12/2017 17:35,CET,2786,222124.43,xpar:CEN
ALPES (COMPAGNIE),FR0000053324,CDA,Euronext Paris,EUR,26.87,27.08,26.85,26.85,05/12/2017 17:35,CET,2746,74058.61,xpar:CDA
UNION FIN.FRANCE,FR0000034548,UFF,Euronext Paris,EUR,30.78,30.79,30.5,30.51,05/12/2017 17:35,CET,2636,80640.47,xpar:UFF
OREGE,FR0010609206,OREGE,Euronext Paris,EUR,4.02,4.02,3.86,4,05/12/2017 15:08,CET,2626,10311.43,xpar:OREGE
FIN.ETANG BERRE,FR0000062341,BERR,Euronext Paris,EUR,6.95,6.95,6.95,6.95,21/11/2017 14:38,CET,2403,16700.85,xpar:BERR
PIERRE VACANCES,FR0000073041,VAC,Euronext Paris,EUR,46.01,46.24,45.49,45.68,05/12/2017 17:35,CET,2313,105834.7,xpar:VAC
LYSOGENE,FR0013233475,LYS,Euronext Paris,EUR,4.1,4.1,4.05,4.1,05/12/2017 11:57,CET,2290,9314.85,xpar:LYS
SII,FR0000074122,SII,Euronext Paris,EUR,22.98,22.99,22.56,22.66,05/12/2017 17:29,CET,2245,51346.16,xpar:SII
WAVESTONE,FR0004036036,WAVE,Euronext Paris,EUR,119.25,119.25,117.9,118,05/12/2017 17:35,CET,2151,254366.72,xpar:WAVE
ARGAN,FR0010481960,ARG,Euronext Paris,EUR,39.79,39.8,39.55,39.8,05/12/2017 16:46,CET,2147,85306.6,xpar:ARG
SELCODIS,FR0000065492,SLCO,Euronext Paris,EUR,0.29,0.29,0.29,0.29,25/03/2009 00:00,CET,2074,601,xpar:SLCO
CATERING INTL SCES,FR0000064446,CTRG,Euronext Paris,EUR,15.66,15.71,15.64,15.7,05/12/2017 17:35,CET,2054,32210.61,xpar:CTRG
OFFICIIS PROPERTIE,FR0010298901,OFP,Euronext Paris,EUR,1.03,1.03,1.01,1.01,05/12/2017 14:04,CET,2026,2086.76,xpar:OFP
GROUPE JAJ,FR0004010338,GJAJ,Euronext Paris,EUR,1.95,1.95,1.95,1.95,01/12/2017 11:30,CET,1999,3898.05,xpar:GJAJ
ADUX,FR0012821890,ADUX,Euronext Paris,EUR,4.65,4.69,4.65,4.68,05/12/2017 17:00,CET,1969,9174.61,xpar:ADUX
TOTAL GABON,GA0000121459,EC,Euronext Paris,EUR,147,147,144,144.76,05/12/2017 15:35,CET,1946,283221.72,xpar:EC
SES IMAGOTAG,FR0010282822,SESL,Euronext Paris,EUR,28.95,29.03,28.95,28.95,05/12/2017 15:40,CET,1931,55923.82,xpar:SESL
STALLERGENES GREER,GB00BZ21RF93,STAGR,Euronext Paris,EUR,39.89,40,39.62,39.76,05/12/2017 17:35,CET,1920,76483.71,xpar:STAGR
BOIRON,FR0000061129,BOI,Euronext Paris,EUR,75.47,75.5,75.26,75.5,05/12/2017 17:35,CET,1911,144057.44,xpar:BOI
TOUR EIFFEL,FR0000036816,EIFF,Euronext Paris,EUR,55,55,54.65,55,05/12/2017 17:15,CET,1819,99844.54,xpar:EIFF
AURES TECHNOLOGIES,FR0013183589,AURS,Euronext Paris,EUR,35.3,35.3,35,35.04,05/12/2017 17:35,CET,1772,62297.1,xpar:AURS
COHERIS,FR0004031763,COH,Euronext Paris,EUR,2.68,2.69,2.66,2.66,05/12/2017 16:52,CET,1767,4715.95,xpar:COH
SMTPC,FR0004016699,SMTPC,Euronext Paris,EUR,23.44,23.6,23.19,23.6,05/12/2017 17:35,CET,1758,41266.11,xpar:SMTPC
FONCIERE LYONNAISE,FR0000033409,FLY,Euronext Paris,EUR,55,55.18,54.65,54.94,05/12/2017 17:35,CET,1741,95603.03,xpar:FLY
HF,FR0000038531,HF,Euronext Paris,EUR,8.72,8.76,8.68,8.68,05/12/2017 17:01,CET,1737,15135.62,xpar:HF
EURO RESSOURCES,FR0000054678,EUR,Euronext Paris,EUR,3.44,3.44,3.39,3.39,05/12/2017 12:25,CET,1733,5910.97,xpar:EUR
HIPAY GROUP,FR0012821916,HIPAY,Euronext Paris,EUR,13.1,13.19,13,13.09,05/12/2017 17:35,CET,1681,21966.34,xpar:HIPAY
ESSO,FR0000120669,ES,Euronext Paris,EUR,56.18,56.28,55.66,56.1,05/12/2017 17:37,CET,1677,93978.76,xpar:ES
BELIER,FR0000072399,BELI,Euronext Paris,EUR,46.55,46.94,46.55,46.94,05/12/2017 17:35,CET,1650,76955.34,xpar:BELI
ALTUR INVEST.,FR0010395681,ALTUR,Euronext Paris,EUR,6.11,6.14,6.05,6.05,05/12/2017 14:54,CET,1643,9961.96,xpar:ALTUR
EURASIA FONC INV,FR0000061475,EFI,Euronext Paris,EUR,0.2,0.2,0.2,0.2,05/12/2017 11:30,CET,1629,325.8,xpar:EFI
BOLLORE NV,FR0013281847,BOLNV,Euronext Paris,EUR,4.38,4.39,4.38,4.39,05/12/2017 16:30,CET,1552,6807.76,xpar:BOLNV
YMAGIS,FR0011471291,MAGIS,Euronext Paris,EUR,8.79,8.79,8.73,8.78,05/12/2017 15:43,CET,1540,13529.57,xpar:MAGIS
SOMFY SA,FR0013199916,SO,Euronext Paris,EUR,86.84,86.85,85.92,85.92,05/12/2017 17:35,CET,1538,132610.59,xpar:SO
GFI INFORMATIQUE,FR0004038099,GFI,Euronext Paris,EUR,7.7,7.7,7.62,7.64,05/12/2017 17:35,CET,1534,11750.94,xpar:GFI
PHARMAGEST INTER.,FR0012882389,PHA,Euronext Paris,EUR,43.25,43.5,43,43,05/12/2017 17:35,CET,1527,65835.2,xpar:PHA
TOUPARGEL GROUPE,FR0000039240,TOU,Euronext Paris,EUR,4.96,5.03,4.8,4.9,05/12/2017 15:36,CET,1371,6717.31,xpar:TOU
LAURENT-PERRIER,FR0006864484,LPE,Euronext Paris,EUR,83.51,84,83.51,83.82,05/12/2017 17:35,CET,1273,106894.09,xpar:LPE
BOURSE DIRECT,FR0000074254,BSD,Euronext Paris,EUR,1.74,1.74,1.72,1.74,05/12/2017 10:16,CET,1240,2149.56,xpar:BSD
ADL PARTNER,FR0000062978,ALP,Euronext Paris,EUR,16.6,16.6,16.21,16.58,05/12/2017 16:59,CET,1217,19983.92,xpar:ALP
DNXCORP,FR0010436584,DNX,Euronext Paris,EUR,6.3,6.33,6.25,6.25,05/12/2017 15:29,CET,1210,7584.21,xpar:DNX
INFOTEL,FR0000071797,INF,Euronext Paris,EUR,49.99,49.99,48.94,49.34,05/12/2017 17:23,CET,1197,58991.64,xpar:INF
BAINS MER MONACO,MC0000031187,BAIN,Euronext Paris,EUR,40.99,41,40.99,41,05/12/2017 13:26,CET,1175,48172.51,xpar:BAIN
HOPSCOTCH GROUPE,FR0000065278,HOP,Euronext Paris,EUR,7.73,7.75,7.7,7.7,05/12/2017 17:12,CET,1172,9062.03,xpar:HOP
SECHE ENVIRONNEM.,FR0000039109,SCHP,Euronext Paris,EUR,30.17,30.17,29.8,29.98,05/12/2017 17:35,CET,1060,31785.45,xpar:SCHP
NRJ GROUP,FR0000121691,NRG,Euronext Paris,EUR,9.41,9.49,9.4,9.4,05/12/2017 17:35,CET,1040,9791.35,xpar:NRG
FDL,FR0000030181,FDL,Euronext Paris,EUR,8.11,8.11,8.1,8.1,04/12/2017 17:25,CET,1029,8335.87,xpar:FDL
CRCAM PARIS ET IDF,FR0000045528,CAF,Euronext Paris,EUR,80.7,80.7,79.86,79.86,05/12/2017 17:35,CET,1025,82231.55,xpar:CAF
INVENTIVA,FR0013233012,IVA,Euronext Paris,EUR,5.93,5.95,5.93,5.95,05/12/2017 16:25,CET,1001,5955.93,xpar:IVA
MEDIA 6,FR0000064404,EDI,Euronext Paris,EUR,12.69,12.69,12.6,12.69,05/12/2017 16:19,CET,1001,12684.69,xpar:EDI
TELEVERBIER,CH0008175645,TVRB,Euronext Paris,EUR,47,47,47,47,05/12/2017 13:06,CET,1000,47000,xpar:TVRB
BIOM UP SA,FR0013284080,BUP,Euronext Paris,EUR,9.95,10.01,9.95,9.95,05/12/2017 15:08,CET,985,9847.85,xpar:BUP
SOGECLAIR,FR0000065864,SOG,Euronext Paris,EUR,47,47.14,47,47.1,05/12/2017 17:35,CET,959,45093.79,xpar:SOG
ACTEOS,FR0000076861,EOS,Euronext Paris,EUR,3.39,3.4,3.34,3.4,05/12/2017 17:04,CET,940,3180.75,xpar:EOS
DIAGNOSTIC MEDICAL,FR0012202497,DGM,Euronext Paris,EUR,1.67,1.67,1.62,1.67,05/12/2017 17:14,CET,895,1490.1,xpar:DGM
PCAS,FR0000053514,PCA,Euronext Paris,EUR,17.6,17.6,17.03,17.48,05/12/2017 17:35,CET,863,14886.58,xpar:PCA
DELTA PLUS GROUP,FR0013283108,DLTA,Euronext Paris,EUR,48.06,48.8,47.05,47.05,05/12/2017 17:29,CET,819,39107.71,xpar:DLTA
MR BRICOLAGE,FR0004034320,MRB,Euronext Paris,EUR,14.99,14.99,14.7,14.81,05/12/2017 17:35,CET,810,12032.35,xpar:MRB
APRIL,FR0004037125,APR,Euronext Paris,EUR,14.65,14.71,14.64,14.7,05/12/2017 17:35,CET,809,11869.05,xpar:APR
TESSI,FR0004529147,TES,Euronext Paris,EUR,175.05,175.05,174.86,174.86,05/12/2017 17:35,CET,806,141029.38,xpar:TES
COLAS,FR0000121634,RE,Euronext Paris,EUR,177.55,181.9,177.2,181.3,05/12/2017 17:35,CET,805,145131.45,xpar:RE
AUREA,FR0000039232,AURE,Euronext Paris,EUR,7.79,7.8,7.7,7.8,05/12/2017 16:38,CET,799,6208.82,xpar:AURE
THERMADOR GROUPE,FR0000061111,THEP,Euronext Paris,EUR,110.99,110.99,109.9,110.9,05/12/2017 17:35,CET,774,85417.66,xpar:THEP
HERIGE,FR0000066540,HERIG,Euronext Paris,EUR,38.6,38.7,38.46,38.7,05/12/2017 16:53,CET,754,29105.27,xpar:HERIG
CAST,FR0000072894,CAS,Euronext Paris,EUR,3.51,3.51,3.48,3.5,05/12/2017 15:27,CET,729,2541.79,xpar:CAS
SOC FRANC CASINOS,FR0010209809,SFCA,Euronext Paris,EUR,2.47,2.47,2.47,2.47,29/11/2017 11:30,CET,719,1775.93,xpar:SFCA
IMMOB.DASSAULT,FR0000033243,IMDA,Euronext Paris,EUR,45.1,45.1,45,45.1,05/12/2017 11:47,CET,710,31996.91,xpar:IMDA
DIGIGRAM,FR0000035784,DIG,Euronext Paris,EUR,0.69,0.69,0.69,0.69,05/12/2017 16:30,CET,700,483,xpar:DIG
CAPELLI,FR0012969095,CAPLI,Euronext Paris,EUR,49.5,49.99,48.56,49.89,05/12/2017 16:11,CET,652,32327.39,xpar:CAPLI
FINANCIERE MARJOS,FR0000060824,FINM,Euronext Paris,EUR,0.22,0.22,0.22,0.22,05/12/2017 16:30,CET,639,140.58,xpar:FINM
PERRIER (GERARD),FR0000061459,PERR,Euronext Paris,EUR,51.18,51.5,51.18,51.48,05/12/2017 17:29,CET,605,30996.86,xpar:PERR
PATRIMOINE ET COMM,FR0011027135,PAT,Euronext Paris,EUR,21.39,21.39,21.2,21.2,05/12/2017 17:13,CET,572,12169.72,xpar:PAT
INTEXA,FR0000064958,ITXT,Euronext Paris,EUR,2.39,2.39,2.39,2.39,29/11/2017 11:30,CET,551,1316.89,xpar:ITXT
STEF,FR0000064271,STF,Euronext Paris,EUR,96.11,97.65,95.5,96.57,05/12/2017 17:35,CET,498,47850.86,xpar:STF
VALE,US91912E1055,VALE3,Euronext Paris,EUR,9.5,9.69,9.5,9.69,05/12/2017 13:53,CET,498,4740.12,xpar:VALE3
CRCAM NORM.SEINE,FR0000044364,CCN,Euronext Paris,EUR,117.49,117.56,117,117,05/12/2017 17:11,CET,494,57859.71,xpar:CCN
BLUE,FR0011592104,BLUE,Euronext Paris,EUR,17.63,17.63,17.6,17.62,05/12/2017 17:14,CET,471,8297.77,xpar:BLUE
FROMAGERIES BEL,FR0000121857,FBEL,Euronext Paris,EUR,470,478,470,478,05/12/2017 16:32,CET,470,223780,xpar:FBEL
PSB INDUSTRIES,FR0000060329,PSB,Euronext Paris,EUR,46.01,46.1,45.81,46.1,05/12/2017 17:35,CET,446,20518.82,xpar:PSB
TERREIS,FR0010407049,TER,Euronext Paris,EUR,43.51,43.79,43.51,43.79,05/12/2017 17:35,CET,439,19198.13,xpar:TER
FLEURY MICHON,FR0000074759,FLE,Euronext Paris,EUR,43.4,43.8,43.2,43.2,05/12/2017 17:35,CET,434,18908.68,xpar:FLE
MERCK AND CO INC,US58933Y1055,MRK,Euronext Paris,EUR,47.5,47.5,47.2,47.45,05/12/2017 17:20,CET,410,19413.12,xpar:MRK
RAMSAY GEN SANTE,FR0000044471,GDS,Euronext Paris,EUR,14.91,15.1,14.91,14.92,05/12/2017 17:35,CET,409,6107.3,xpar:GDS
AGTA RECORD,CH0008853209,AGTA,Euronext Paris,EUR,60.76,62,60.76,62,05/12/2017 17:35,CET,402,24904.56,xpar:AGTA
ECA,FR0010099515,ECASA,Euronext Paris,EUR,20.15,20.15,19.81,19.81,05/12/2017 17:35,CET,402,8004.36,xpar:ECASA
CRCAM ATL.VEND.CCI,FR0000185506,CRAV,Euronext Paris,EUR,121.49,121.5,119.5,121,05/12/2017 17:08,CET,393,47439.67,xpar:CRAV
CA TOULOUSE 31 CCI,FR0000045544,CAT31,Euronext Paris,EUR,102.31,102.6,101.6,101.6,05/12/2017 15:12,CET,389,39701.29,xpar:CAT31
AUFEMININ,FR0004042083,FEM,Euronext Paris,EUR,26.45,26.7,26.45,26.61,05/12/2017 17:23,CET,384,10175.2,xpar:FEM
HOTELS DE PARIS,FR0004165801,HDP,Euronext Paris,EUR,1.82,1.83,1.82,1.83,04/12/2017 16:30,CET,374,683.68,xpar:HDP
CFI,FR0000037475,CFI,Euronext Paris,EUR,1.55,1.7,1.55,1.7,05/12/2017 16:30,CET,370,599,xpar:CFI
TAYNINH,FR0000063307,TAYN,Euronext Paris,EUR,1.43,1.43,1.43,1.43,05/12/2017 11:30,CET,350,500.5,xpar:TAYN
TIKEHAU CAPITAL,FR0013230612,TKO,Euronext Paris,EUR,22.08,22.08,21.93,21.93,05/12/2017 15:50,CET,339,7456.04,xpar:TKO
SAVENCIA,FR0000120107,SAVE,Euronext Paris,EUR,80.2,80.5,80.2,80.2,05/12/2017 17:35,CET,326,26158.19,xpar:SAVE
MANUTAN INTL,FR0000032302,MAN,Euronext Paris,EUR,81.65,82,81.6,82,05/12/2017 16:40,CET,313,25589.99,xpar:MAN
ROBERTET,FR0000039091,RBT,Euronext Paris,EUR,404,404,398,402.5,05/12/2017 17:35,CET,309,123465.63,xpar:RBT
EXEL INDUSTRIES,FR0004527638,EXE,Euronext Paris,EUR,109.5,109.75,109.49,109.75,05/12/2017 17:29,CET,290,31782.05,xpar:EXE
PASSAT,FR0000038465,PSAT,Euronext Paris,EUR,5.76,5.78,5.75,5.75,05/12/2017 17:29,CET,281,1616.27,xpar:PSAT
ORAPI,FR0000075392,ORAP,Euronext Paris,EUR,10.49,10.49,10.45,10.48,05/12/2017 15:18,CET,275,2880.17,xpar:ORAP
ARTEA,FR0012185536,ARTE,Euronext Paris,EUR,8.6,8.6,8.57,8.57,04/12/2017 16:30,CET,255,2188.35,xpar:ARTE
CNIM CONSTR.FRF 10,FR0000053399,COM,Euronext Paris,EUR,134.4,134.6,134.4,134.42,05/12/2017 17:35,CET,253,34004.88,xpar:COM
CRCAM TOURAINE CCI,FR0000045304,CRTO,Euronext Paris,EUR,103.28,103.3,103,103,05/12/2017 11:44,CET,228,23542.72,xpar:CRTO
GAUMONT,FR0000034894,GAM,Euronext Paris,EUR,106.5,107.15,105,106.5,05/12/2017 16:54,CET,216,22964.23,xpar:GAM
CRCAM MORBIHAN CCI,FR0000045551,CMO,Euronext Paris,EUR,69.19,69.2,68,68.79,05/12/2017 17:35,CET,214,14629.28,xpar:CMO
FONCIERE INEA,FR0010341032,INEA,Euronext Paris,EUR,39.99,39.99,39.84,39.98,05/12/2017 17:35,CET,210,8381.85,xpar:INEA
ITS GROUP,FR0000073843,ITS,Euronext Paris,EUR,6.74,6.74,6.6,6.69,05/12/2017 16:54,CET,203,1340.99,xpar:ITS
UNION TECH.INFOR.,FR0000074197,FPG,Euronext Paris,EUR,1.05,1.05,1.05,1.05,05/12/2017 15:41,CET,201,211.05,xpar:FPG
BARBARA BUI,FR0000062788,BUI,Euronext Paris,EUR,9.69,9.69,9.69,9.69,30/11/2017 11:30,CET,200,1938,xpar:BUI
SIGNAUX GIROD,FR0000060790,GIRO,Euronext Paris,EUR,23.31,23.31,23.31,23.31,05/12/2017 11:30,CET,198,4615.38,xpar:GIRO
MAROC TELECOM,MA0000011488,IAM,Euronext Paris,EUR,12.3,12.34,12.12,12.34,05/12/2017 16:59,CET,188,2287.3,xpar:IAM
MEDIAWAN,FR0013247137,MDW,Euronext Paris,EUR,9.74,9.82,9.71,9.71,05/12/2017 17:19,CET,182,1775.34,xpar:MDW
CRCAM ILLE-VIL.CCI,FR0000045213,CIV,Euronext Paris,EUR,82.4,83,82.28,82.99,05/12/2017 14:14,CET,178,14733.22,xpar:CIV
IDI,FR0000051393,IDIP,Euronext Paris,EUR,44.14,44.49,43.21,44.49,05/12/2017 15:08,CET,170,7489.86,xpar:IDIP
THERMOCOMPACT,FR0004037182,THER,Euronext Paris,EUR,44.8,44.8,44.8,44.8,01/12/2017 11:30,CET,167,7481.6,xpar:THER
XPO LOGISTICS,FR0000052870,XPO,Euronext Paris,EUR,257,260,253.05,260,05/12/2017 17:29,CET,165,42432.6,xpar:XPO
QUOTIUM TECHNO,FR0010211615,QTE,Euronext Paris,EUR,18.5,18.5,18.5,18.5,30/11/2017 16:30,CET,160,2960,xpar:QTE
CEGEDIM,FR0000053506,CGM,Euronext Paris,EUR,31.87,31.87,31.6,31.6,05/12/2017 17:35,CET,158,4999.79,xpar:CGM
CHARGEURS NV,FR0013282464,CRINV,Euronext Paris,EUR,25.3,25.3,25.3,25.3,05/12/2017 16:30,CET,156,3946.8,xpar:CRINV
ENCRES DUBUIT,FR0004030708,DBT,Euronext Paris,EUR,5.25,5.28,5.25,5.28,05/12/2017 15:14,CET,151,795.71,xpar:DBT
EUROMEDIS GROUPE,FR0000075343,EMG,Euronext Paris,EUR,8.09,8.1,8.09,8.1,05/12/2017 09:11,CET,151,1223.09,xpar:EMG
ALPHA MOS,FR0000062804,ALM,Euronext Paris,EUR,0.38,0.38,0.38,0.38,05/12/2017 11:48,CET,150,57,xpar:ALM
INDLE FIN.ENTREPR.,FR0000066219,INFE,Euronext Paris,EUR,72,72,72,72,04/12/2017 11:30,CET,150,10800,xpar:INFE
ADVENIS,FR0004152874,ADV,Euronext Paris,EUR,1.76,1.76,1.75,1.75,05/12/2017 12:23,CET,146,255.51,xpar:ADV
ITESOFT,FR0004026151,ITE,Euronext Paris,EUR,4.15,4.15,4.11,4.11,05/12/2017 15:45,CET,135,554.89,xpar:ITE
VIKTORIA INVEST,FR0000035719,VI,Euronext Paris,EUR,6,6,6,6,05/12/2017 16:30,CET,133,798,xpar:VI
FINANCIERE ODET,FR0000062234,ODET,Euronext Paris,EUR,970,978.95,960.2,975.05,05/12/2017 17:35,CET,126,122296.9,xpar:ODET
DOCK.PETR.AMBES AM,FR0000065260,DPAM,Euronext Paris,EUR,535.9,558,535.9,558,04/12/2017 16:51,CET,120,65700.3,xpar:DPAM
LOCINDUS,FR0000121352,LD,Euronext Paris,EUR,19.27,19.27,19.26,19.26,05/12/2017 17:10,CET,118,2273.68,xpar:LD
CRCAM LOIRE HTE L.,FR0000045239,CRLO,Euronext Paris,EUR,84.4,84.4,84,84.01,05/12/2017 17:35,CET,116,9768.86,xpar:CRLO
CRCAM ALP.PROV.CCI,FR0000044323,CRAP,Euronext Paris,EUR,103.53,103.58,102.71,103.58,05/12/2017 14:29,CET,111,11487.02,xpar:CRAP
DOM SECURITY,FR0000052839,DOMS,Euronext Paris,EUR,60.09,60.09,59.41,59.9,05/12/2017 17:27,CET,110,6557.36,xpar:DOMS
GRAINES VOLTZ,FR0000065971,GRVO,Euronext Paris,EUR,33.05,33.05,33.05,33.05,05/12/2017 16:30,CET,110,3635.5,xpar:GRVO
AFONE PARTICIP.,FR0000044612,AFO,Euronext Paris,EUR,8.25,8.25,8.25,8.25,04/12/2017 17:35,CET,100,825,xpar:AFO
DIAGEO,GB0002374006,DGE,Euronext Paris,EUR,29.63,29.63,29.63,29.63,05/12/2017 16:18,CET,100,2963,xpar:DGE
FAUVET GIREL,FR0000063034,FAUV,Euronext Paris,EUR,25,25,25,25,30/10/2017 16:30,CET,100,2500,xpar:FAUV
HEXCEL,US4282911084,HXL,Euronext Paris,EUR,50.13,50.13,50.13,50.13,05/10/2017 16:22,CET,100,5013,xpar:HXL
SOFIBUS PATRIMOINE,FR0000038804,SFBS,Euronext Paris,EUR,137.85,137.9,137.85,137.9,15/11/2017 17:02,CET,99,13649.15,xpar:SFBS
VETOQUINOL,FR0004186856,VETO,Euronext Paris,EUR,54.58,54.75,54.57,54.7,05/12/2017 17:35,CET,95,5195.56,xpar:VETO
CRCAM SUD R.A.CCI,FR0000045346,CRSU,Euronext Paris,EUR,187.35,188.99,187.35,188.98,05/12/2017 12:13,CET,90,17007.16,xpar:CRSU
FINATIS,FR0000035123,FNTS,Euronext Paris,EUR,52.41,52.9,52.41,52.9,05/12/2017 16:30,CET,90,4760.51,xpar:FNTS
GROUPE PARTOUCHE,FR0012612646,PARP,Euronext Paris,EUR,31.19,31.19,31,31.19,05/12/2017 17:22,CET,88,2731.42,xpar:PARP
SOFT COMPUTING,FR0000075517,SFT,Euronext Paris,EUR,13.4,13.4,13.2,13.2,05/12/2017 09:38,CET,85,1126.1,xpar:SFT
GDS (S) RUSAL,US9098832093,RUSAL,Euronext Paris,EUR,11.22,11.22,11.22,11.22,30/11/2017 09:30,CET,80,897.6,xpar:RUSAL
SODIFRANCE,FR0000072563,SOA,Euronext Paris,EUR,18,18,18,18,04/12/2017 11:30,CET,80,1440,xpar:SOA
SAMSE,FR0000060071,SAMS,Euronext Paris,EUR,163.01,163.01,163.01,163.01,05/12/2017 15:15,CET,78,12714.78,xpar:SAMS
DALET,FR0011026749,DLT,Euronext Paris,EUR,11.04,11.04,10.84,10.84,05/12/2017 14:40,CET,77,834.88,xpar:DLT
INTLE PLANT.HEVEAS,FR0000036857,SIPH,Euronext Paris,EUR,84.41,84.44,84.41,84.44,05/12/2017 13:19,CET,75,6331.5,xpar:SIPH
VISIODENT,FR0000065765,SDT,Euronext Paris,EUR,1.87,1.87,1.87,1.87,05/12/2017 11:30,CET,75,140.25,xpar:SDT
ABEO,FR0013185857,ABEO,Euronext Paris,EUR,39.01,39.01,38.9,38.9,05/12/2017 10:47,CET,73,2844.93,xpar:ABEO
PAREF,FR0010263202,PAR,Euronext Paris,EUR,72.21,72.21,72,72,05/12/2017 12:19,CET,70,5051.88,xpar:PAR
CROSSWOOD,FR0000050395,CROS,Euronext Paris,EUR,3.6,3.6,3.6,3.6,29/11/2017 16:30,CET,64,230.4,xpar:CROS
CRCAM LANGUED CCI,FR0010461053,CRLA,Euronext Paris,EUR,63.11,63.11,63,63,05/12/2017 11:17,CET,54,3402.11,xpar:CRLA
PRECIA,FR0000060832,PREC,Euronext Paris,EUR,208.68,214.98,208.68,214.98,05/12/2017 17:35,CET,54,11583.72,xpar:PREC
TIVOLY,FR0000060949,TVLY,Euronext Paris,EUR,41.76,41.76,41.75,41.75,05/12/2017 17:35,CET,53,2213.01,xpar:TVLY
FONCIERE EURIS,FR0000038499,EURS,Euronext Paris,EUR,41.26,41.5,41.26,41.5,05/12/2017 16:30,CET,51,2116.26,xpar:EURS
LESNXCONSTRUCTEURS,FR0004023208,LNC,Euronext Paris,EUR,48.96,48.96,48.93,48.94,05/12/2017 17:35,CET,51,2496.43,xpar:LNC
,,,,,,,,,,,,,
,,,,,,,,,,,,,
,,,,,,,,,,,,,
,,,,,,,,,,,,,
,,,,,,,,,,,,,
,,,,,,,,,,,,,
,,,,,,,,,,,,,
,,,,,,,,,,,,,
,,,,,,,,,,,,,
,,,,,,,,,,,,,
,,,,,,,,,,,,,
,,,,,,,,,,,,,
,,,,,,,,,,,,,
,,,,,,,,,,,,,
,,,,,,,,,,,,,
,,,,,,,,,,,,,
,,,,,,,,,,,,,
,,,,,,,,,,,,,
,,,,,,,,,,,,,
,,,,,,,,,,,,,
,,,,,,,,,,,,,
,,,,,,,,,,,,,
,,,,,,,,,,,,,
,,,,,,,,,,,,,
,,,,,,,,,,,,,
,,,,,,,,,,,,,
,,,,,,,,,,,,,
,,,,,,,,,,,,,
,,,,,,,,,,,,,
,,,,,,,,,,,,,
,,,,,,,,,,,,,
,,,,,,,,,,,,,
,,,,,,,,,,,,,
,,,,,,,,,,,,,
,,,,,,,,,,,,,
,,,,,,,,,,,,,
,,,,,,,,,,,,,
,,,,,,,,,,,,,
,,,,,,,,,,,,,
,,,,,,,,,,,,,
,,,,,,,,,,,,,
,,,,,,,,,,,,,
,,,,,,,,,,,,,
,,,,,,,,,,,,,
,,,,,,,,,,,,,
,,,,,,,,,,,,,
,,,,,,,,,,,,,
,,,,,,,,,,,,,
,,,,,,,,,,,,,
,,,,,,,,,,,,,
,,,,,,,,,,,,,
,,,,,,,,,,,,,
,,,,,,,,,,,,,
,,,,,,,,,,,,,
,,,,,,,,,,,,,
,,,,,,,,,,,,,
,,,,,,,,,,,,,
,,,,,,,,,,,,,
,,,,,,,,,,,,,
,,,,,,,,,,,,,
,,,,,,,,,,,,,
,,,,,,,,,,,,,
,,,,,,,,,,,,,
,,,,,,,,,,,,,
,,,,,,,,,,,,,
,,,,,,,,,,,,,
,,,,,,,,,,,,,
,,,,,,,,,,,,,
,,,,,,,,,,,,,
,,,,,,,,,,,,,
,,,,,,,,,,,,,
,,,,,,,,,,,,,
,,,,,,,,,,,,,
,,,,,,,,,,,,,
,,,,,,,,,,,,,
,,,,,,,,,,,,,
,,,,,,,,,,,,,
,,,,,,,,,,,,,
,,,,,,,,,,,,,
,,,,,,,,,,,,,
,,,,,,,,,,,,,
,,,,,,,,,,,,,
,,,,,,,,,,,,,
,,,,,,,,,,,,,
,,,,,,,,,,,,,
,,,,,,,,,,,,,
,,,,,,,,,,,,,
,,,,,,,,,,,,,
,,,,,,,,,,,,,
,,,,,,,,,,,,,
,,,,,,,,,,,,,
,,,,,,,,,,,,,
,,,,,,,,,,,,,
,,,,,,,,,,,,,
,,,,,,,,,,,,,
