,Name,Ticker
01072:xhkg,Dongfang Electric Corp. Ltd,xhkg:01072
00001:xhkg,CK Hutchison Holdings Ltd,xhkg:00001
00003:xhkg,The Hong Kong and China Gas Co. Ltd,xhkg:00003
00004:xhkg,Wharf (Holdings) Ltd change,xhkg:00004
00005:xhkg,HSBC Holdings Plc,xhkg:00005
00006:xhkg,Power Assets Holdings Ltd,xhkg:00006
00007:xhkg,Hoifu Energy Group Ltd,xhkg:00007
00008:xhkg,PCCW Ltd,xhkg:00008
00009:xhkg,Nine Express Ltd,xhkg:00009
00010:xhkg,Hang Lung Group Ltd,xhkg:00010
00011:xhkg,Hang Seng Bank Ltd,xhkg:00011
00012:xhkg,Henderson Land Development Co Ltd,xhkg:00012
00014:xhkg,Hysan Development Co. Ltd,xhkg:00014
00016:xhkg,Sun Hung Kai Properties Ltd,xhkg:00016
00017:xhkg,New World Development Co. Ltd,xhkg:00017
00019:xhkg,Swire Pacific Ltd A,xhkg:00019
00020:xhkg,Wheelock and Co. Ltd,xhkg:00020
00023:xhkg,Bank of East Asia Ltd,xhkg:00023
00025:xhkg,Chevalier International Holdings Ltd,xhkg:00025
00027:xhkg,Galaxy Entertainment Group Ltd,xhkg:00027
00028:xhkg,Tian An China Investments Co. Ltd,xhkg:00028
00029:xhkg,Dynamic Holdings Ltd,xhkg:00029
00031:xhkg,China Aerospace International Holdings Ltd,xhkg:00031
00032:xhkg,Cross-Harbour (Holdings) Ltd,xhkg:00032
00034:xhkg,Kowloon Development Company Ltd,xhkg:00034
00035:xhkg,Far East Consortium International Ltd,xhkg:00035
00036:xhkg,Far East Holdings International Ltd,xhkg:00036
00038:xhkg,First Tractor Co. Ltd,xhkg:00038
00039:xhkg,China Beidahuang Industry Grp Holdings Ltd,xhkg:00039
00040:xhkg,Gold Peak Industries (Holdings) Ltd,xhkg:00040
00041:xhkg,Great Eagle Holdings Ltd,xhkg:00041
00042:xhkg,Northeast Electric Development Co. Ltd,xhkg:00042
00043:xhkg,C.P. Pokphand Co. Ltd,xhkg:00043
00044:xhkg,Hong Kong Aircraft Engineering Co. Ltd,xhkg:00044
00045:xhkg,Hong Kong and Shanghai Hotels Ltd,xhkg:00045
00046:xhkg,Computer and Technologies Holdings Ltd,xhkg:00046
00047:xhkg,Hop Hing Group Holdings Ltd,xhkg:00047
00051:xhkg,Harbour Centre Development Ltd,xhkg:00051
00052:xhkg,Fairwood Holdings Ltd,xhkg:00052
00053:xhkg,Guoco Group Ltd,xhkg:00053
00054:xhkg,Hopewell Holdings Ltd,xhkg:00054
00056:xhkg,Allied Properties (HK) Ltd,xhkg:00056
00057:xhkg,Chen Hsong Holdings Ltd,xhkg:00057
00058:xhkg,Sunway International Holdings Ltd,xhkg:00058
00062:xhkg,Transport Intl Holdings Ltd,xhkg:00062
00064:xhkg,Get Nice Holdings Ltd,xhkg:00064
00065:xhkg,Grand Ocean Advanced Resources Co LTD,xhkg:00065
00066:xhkg,MTR Corporation Ltd,xhkg:00066
00067:xhkg,Lumena Resources Corp. - NOCT,xhkg:00067
00069:xhkg,Shangri-La Asia Ltd,xhkg:00069
00071:xhkg,Miramar Hotel & Investment Co Ltd,xhkg:00071
00073:xhkg,Asian Citrus Holdings Ltd - NOCT,xhkg:00073
00075:xhkg,Y.T. Realty Group Ltd,xhkg:00075
00076:xhkg,South Sea Petroleum Holdings Ltd,xhkg:00076
00078:xhkg,Regal Hotels International Holdings Ltd,xhkg:00078
00081:xhkg,China Overseas Grand Oceans Group Ltd,xhkg:00081
00082:xhkg,V1 Group Ltd,xhkg:00082
00083:xhkg,Sino Land Co. Ltd,xhkg:00083
00085:xhkg,China Electronics Huda Technology Co Ltd,xhkg:00085
00086:xhkg,Sun Hung Kai & Co. Ltd,xhkg:00086
00087:xhkg,Swire Pacific Ltd B,xhkg:00087
00088:xhkg,Tai Cheung Holdings Ltd,xhkg:00088
00090:xhkg,Amber Energy Ltd,xhkg:00090
00091:xhkg,International Standard Resources Holdings Ltd,xhkg:00091
00094:xhkg,Greenheart Group Ltd,xhkg:00094
00095:xhkg,LVGEM (China) Real Estate Investment Co Ltd,xhkg:00095
00097:xhkg,Henderson Investment Ltd,xhkg:00097
00100:xhkg,Clear Media Ltd,xhkg:00100
00101:xhkg,Hang Lung Properties Ltd,xhkg:00101
00102:xhkg,Summit Ascent Holdings Ltd,xhkg:00102
00103:xhkg,Shougang Concord Century Holdings Ltd,xhkg:00103
00107:xhkg,Sichuan Expressway Co. Ltd,xhkg:00107
00109:xhkg,Good Resources Holding Ltd,xhkg:00109
00110:xhkg,China Fortune Holdings Ltd,xhkg:00110
00113:xhkg,Dickson Concepts,xhkg:00113
00114:xhkg,Herald Holdings Ltd,xhkg:00114
00116:xhkg,Chow Sang Sang Holdings International,xhkg:00116
00119:xhkg,Poly Property Group Co Ltd,xhkg:00119
00120:xhkg,Cosmopolitan International Holdings Ltd,xhkg:00120
00121:xhkg,C.P. Lotus Corp.,xhkg:00121
00123:xhkg,Yuexiu Property Co. Ltd,xhkg:00123
00125:xhkg,Sun Hing Vision Group Holdings Ltd,xhkg:00125
00126:xhkg,Carrianna Group Holdings Co. Ltd,xhkg:00126
00127:xhkg,Chinese Estates Holdings,xhkg:00127
00129:xhkg,Asia Standard International Group Ltd,xhkg:00129
00133:xhkg,China Merchants China Direct Investments Ltd,xhkg:00133
00135:xhkg,KUNLUN ENERGY,xhkg:00135
00136:xhkg,HengTen Networks Group Ltd,xhkg:00136
00137:xhkg,Jinhui Holdings Ltd,xhkg:00137
00139:xhkg,China Soft Power Technology Holdings Ltd,xhkg:00139
00141:xhkg,Great China Holdings Ltd,xhkg:00141
00142:xhkg,First Pacific Company Limited,xhkg:00142
00143:xhkg,Guoan International Ltd,xhkg:00143
00144:xhkg,China Merchants Port Holdings,xhkg:00144
00147:xhkg,International Business Settlement Holdings Ltd,xhkg:00147
00148:xhkg,Kingboard Chemical Holdings Ltd,xhkg:00148
00149:xhkg,China Agri-Products Exchange Ltd,xhkg:00149
00151:xhkg,Want Want China Holdings Ltd,xhkg:00151
00152:xhkg,Shenzhen International Holdings Ltd,xhkg:00152
00153:xhkg,China Saite Group Co Ltd,xhkg:00153
00154:xhkg,Beijing Enterprises Environment Group Ltd,xhkg:00154
00155:xhkg,China Solar Energy Holdings Ltd,xhkg:00155
00157:xhkg,Natural Beauty Bio-Technology Limited,xhkg:00157
00161:xhkg,AVIC International Holdings Ltd,xhkg:00161
00162:xhkg,Century Ginwa Retail Holdings Ltd,xhkg:00162
00163:xhkg,Emperor International Holdings Ltd,xhkg:00163
00164:xhkg,China Baoli Technologies Holdings ltd,xhkg:00164
00165:xhkg,China Everbright Ltd,xhkg:00165
00167:xhkg,IDT International Ltd,xhkg:00167
00168:xhkg,Tsingtao Brewery Co. Ltd,xhkg:00168
00169:xhkg,Wanda Hotel Development Co Ltd,xhkg:00169
00171:xhkg,Silver Grant International Industries Ltd,xhkg:00171
00173:xhkg,K Wah International Holdings Ltd,xhkg:00173
00177:xhkg,Jiangsu Expressway Co. Ltd,xhkg:00177
00178:xhkg,Sa Sa International Holdings Ltd,xhkg:00178
00179:xhkg,Johnson Electric Holdings Ltd,xhkg:00179
00182:xhkg,Concord New Energy Group Ltd,xhkg:00182
00183:xhkg,Winfull Group Holdings Ltd,xhkg:00183
00184:xhkg,Keck Seng Investments (Hong Kong) Ltd,xhkg:00184
00187:xhkg,Beijing Jingcheng Machinery Electric Co Ltd,xhkg:00187
00190:xhkg,HKC (Holdings) Ltd,xhkg:00190
00191:xhkg,Lai Sun Garment (International),xhkg:00191
00194:xhkg,Liu Chong Hing Investment Ltd,xhkg:00194
00195:xhkg,GreenTech Intl.,xhkg:00195
00196:xhkg,Honghua Group Ltd,xhkg:00196
00198:xhkg,SMI Holdings Group Ltd,xhkg:00198
00200:xhkg,Melco International Development Ltd,xhkg:00200
00206:xhkg,TSC Group Holdings Ltd,xhkg:00206
00207:xhkg,Joy City Property Ltd,xhkg:00207
00209:xhkg,Winshine Science Company Ltd,xhkg:00209
00210:xhkg,Daphne International Holdings Ltd,xhkg:00210
00213:xhkg,National Electronics Holdings Ltd,xhkg:00213
00214:xhkg,Asia Orient Holdings Ltd,xhkg:00214
00215:xhkg,Hutchison Telecommunications Hong KongHldngs Ltd,xhkg:00215
00218:xhkg,Shenwan Hongyuan (H.K.) Ltd,xhkg:00218
00220:xhkg,Uni-President China Holdings Ltd,xhkg:00220
00222:xhkg,Min Xin Holdings Ltd,xhkg:00222
00223:xhkg,Elife Holdings Ltd,xhkg:00223
00226:xhkg,Lippo Ltd,xhkg:00226
00227:xhkg,First Shanghai Investments Ltd,xhkg:00227
00228:xhkg,China Energy Development Holdings Ltd,xhkg:00228
00231:xhkg,Ping An Securities Group (Holdings) Ltd,xhkg:00231
00232:xhkg,AVIC International Holding (HK) Ltd,xhkg:00232
00235:xhkg,China Strategic Holdings Ltd,xhkg:00235
00237:xhkg,Safety Godown Co Ltd,xhkg:00237
00240:xhkg,Build King Holdings Ltd,xhkg:00240
00241:xhkg,Alibaba Health Information Technology Ltd,xhkg:00241
00242:xhkg,Shun Tak Holdings Ltd,xhkg:00242
00245:xhkg,China Minsheng Financial Holding Corporation Ltd,xhkg:00245
00246:xhkg,Real Gold Mining Ltd - NOCT,xhkg:00246
00250:xhkg,Sino-I Technology Ltd,xhkg:00250
00251:xhkg,SEA Holdings Ltd,xhkg:00251
00255:xhkg,Lung Kee (Bermuda) Holdings Ltd,xhkg:00255
00256:xhkg,Citychamp Watch & Jewellery Group Ltd,xhkg:00256
00257:xhkg,China Everbright International Ltd,xhkg:00257
00261:xhkg,CCT Land Holdings Ltd,xhkg:00261
00263:xhkg,GT Group Holdings Ltd,xhkg:00263
00267:xhkg,CITIC Ltd,xhkg:00267
00268:xhkg,Kingdee International Software Group Co. Ltd,xhkg:00268
00269:xhkg,China Resources and Transportation Group Ltd,xhkg:00269
00270:xhkg,Guangdong Investment Ltd,xhkg:00270
00271:xhkg,Asiasec Properties Ltd,xhkg:00271
00272:xhkg,Shui On Land Ltd,xhkg:00272
00273:xhkg,Mason Group Holdings Ltd,xhkg:00273
00276:xhkg,Mongolia Energy Corp. Ltd,xhkg:00276
00279:xhkg,Freeman FinTech Corp. Ltd,xhkg:00279
00280:xhkg,King Fook Holdings,xhkg:00280
00285:xhkg,BYD Electronic Company Ltd,xhkg:00285
00288:xhkg,WH Group Ltd,xhkg:00288
00289:xhkg,Wing On Company International Ltd,xhkg:00289
00290:xhkg,China Fortune Financial Group Ltd,xhkg:00290
00291:xhkg,China Resources Beer (Holdings) Co Ltd,xhkg:00291
00292:xhkg,Asia Standard Hotel Group Ltd,xhkg:00292
00293:xhkg,Cathay Pacific Airways Ltd,xhkg:00293
00295:xhkg,Kong Sun Holdings Ltd,xhkg:00295
00296:xhkg,Emperor Entertainment Hotel Ltd,xhkg:00296
00297:xhkg,Sinofert Holdings Ltd,xhkg:00297
00299:xhkg,New Sports Group Ltd,xhkg:00299
00300:xhkg,Shenji Group Kunming Machine Tool Co. Ltd,xhkg:00300
00303:xhkg,VTech Holdings Ltd,xhkg:00303
00305:xhkg,Wuling Motors Holdings Ltd,xhkg:00305
00306:xhkg,Kwoon Chung Bus Holdings Ltd,xhkg:00306
00308:xhkg,China Travel International Investment Hong Kong Lt,xhkg:00308
00309:xhkg,Xinhua News Media Holdings Ltd,xhkg:00309
00311:xhkg,Luen Thai Holdings Ltd - NOCT,xhkg:00311
00312:xhkg,Shirble Department Store Holdings (China) Ltd,xhkg:00312
00315:xhkg,Smartone Telecommunications Holdings Ltd,xhkg:00315
00316:xhkg,Orient Overseas (International) Ltd,xhkg:00316
00317:xhkg,CSSC Offshore & Marine Engineering (Group) Co. Ltd,xhkg:00317
00318:xhkg,Vongroup Ltd,xhkg:00318
00320:xhkg,Computime Group Ltd,xhkg:00320
00321:xhkg,Texwinca Holdings Ltd,xhkg:00321
00322:xhkg,Tingyi (Cayman Islands) Holdings Corp.,xhkg:00322
00323:xhkg,Maanshan Iron and Steel Co. Ltd,xhkg:00323
00326:xhkg,China Star Entertainment Ltd,xhkg:00326
00327:xhkg,Pax Global Technology,xhkg:00327
00328:xhkg,Alco Holdings Ltd,xhkg:00328
00330:xhkg,Esprit Holdings Ltd,xhkg:00330
00333:xhkg,Top Form International Ltd,xhkg:00333
00334:xhkg,China Display Optoelectronics Tech Holdings Ltd,xhkg:00334
00335:xhkg,Upbest Group Ltd,xhkg:00335
00336:xhkg,Huabao International Holdings Ltd,xhkg:00336
00337:xhkg,Greenland Hong Kong Holdings Ltd,xhkg:00337
00338:xhkg,Sinopec Shanghai Petrochemical Co. Ltd,xhkg:00338
00340:xhkg,China Mining Resources Group Ltd,xhkg:00340
00341:xhkg,Cafe de Coral Holdings Ltd,xhkg:00341
00342:xhkg,NewOcean Energy Holdings Ltd,xhkg:00342
00345:xhkg,Vitasoy International Holdings Ltd,xhkg:00345
00346:xhkg,Yanchang Petroleum International Ltd,xhkg:00346
00347:xhkg,Angang Steel Co. Ltd,xhkg:00347
00348:xhkg,China Healthwise Holdings Ltd,xhkg:00348
00353:xhkg,Energy International Investments Holdings Ltd,xhkg:00353
00354:xhkg,Chinasoft International Ltd,xhkg:00354
00357:xhkg,HNA Infrastructure Co Ltd,xhkg:00357
00358:xhkg,Jiangxi Copper Co. Ltd,xhkg:00358
00360:xhkg,New Focus Auto Tech Holdings Ltd,xhkg:00360
00361:xhkg,Sino Golf Holdings Ltd,xhkg:00361
00362:xhkg,China Zenith Chemical Group Ltd,xhkg:00362
00363:xhkg,Shanghai Industrial Holdings Ltd,xhkg:00363
00364:xhkg,Blockchain Group Company Ltd,xhkg:00364
00366:xhkg,Luks Group (Vietnam Holdings) Co. Ltd,xhkg:00366
00368:xhkg,Sinotrans Shipping Ltd,xhkg:00368
00369:xhkg,Wing Tai Properties Ltd,xhkg:00369
00370:xhkg,China Best Group Holding Ltd,xhkg:00370
00371:xhkg,Beijing Enterprises Water Group Ltd,xhkg:00371
00372:xhkg,PT International Development Corporation Ltd,xhkg:00372
00373:xhkg,Allied Group Ltd,xhkg:00373
00375:xhkg,YGM Trading Ltd,xhkg:00375
00376:xhkg,Yunfeng Financial Group Ltd,xhkg:00376
00377:xhkg,Huajan Holdings Ltd,xhkg:00377
00378:xhkg,FDG Kinetic Ltd,xhkg:00378
00381:xhkg,Kiu Hung International Holdings Ltd,xhkg:00381
00382:xhkg,Welling Holding Ltd,xhkg:00382
00383:xhkg,China Medical & HealthCare Group Ltd,xhkg:00383
00384:xhkg,China Gas Holdings Ltd,xhkg:00384
00385:xhkg,Chinney Alliance Group Ltd,xhkg:00385
00386:xhkg,China Petroleum and Chemical Corp.(Sinopec),xhkg:00386
00387:xhkg,Leeport Holdings Ltd,xhkg:00387
00388:xhkg,Hong Kong Exchanges and Clearing Ltd,xhkg:00388
00390:xhkg,China Railway Group Ltd,xhkg:00390
00392:xhkg,Beijing Enterprises Holdings Ltd,xhkg:00392
00395:xhkg,Smartac Group China Holdings Ltd,xhkg:00395
00397:xhkg,Jun Yang Financial Holdings Ltd,xhkg:00397
00398:xhkg,Oriental Watch Holdings Ltd,xhkg:00398
00400:xhkg,Cogobuy Group,xhkg:00400
00401:xhkg,Wanjia Group Holdings Ltd,xhkg:00401
00402:xhkg,Peace Map Holding Ltd,xhkg:00402
00404:xhkg,Hsin Chong Group Holdings Ltd,xhkg:00404
00405:xhkg,Yuexiu Real Estate Investment Trust,xhkg:00405
00408:xhkg,Yip's Chemical Holdings Ltd,xhkg:00408
00410:xhkg,SOHO China Ltd,xhkg:00410
00411:xhkg,Lam Soon (Hong Kong) Ltd,xhkg:00411
00412:xhkg,China Shandong Hi-Speed Financial Group Ltd,xhkg:00412
00417:xhkg,Tse Sui Luen Jewellery,xhkg:00417
00418:xhkg,Founder Holdings Ltd,xhkg:00418
00419:xhkg,Huayi Tencent Entertainment Company Ltd,xhkg:00419
00422:xhkg,Vietnam Manufacturing and Export Processing Ltd,xhkg:00422
00425:xhkg,Minth Group Ltd,xhkg:00425
00426:xhkg,One Media Group Ltd,xhkg:00426
00431:xhkg,Greater China Financial Holdings Ltd,xhkg:00431
00432:xhkg,Pacific Century Premium Developments Ltd,xhkg:00432
00433:xhkg,North Mining Shares Co Ltd,xhkg:00433
00434:xhkg,Boyaa Interactive International Ltd,xhkg:00434
00435:xhkg,Sunlight Real Estate Investment Trust,xhkg:00435
00439:xhkg,KuangChi Science Ltd,xhkg:00439
00440:xhkg,Dah Sing Financial Holdings Ltd,xhkg:00440
00445:xhkg,China Fire Safety Enterprise Group Ltd,xhkg:00445
00449:xhkg,Chigo Holding Ltd,xhkg:00449
00451:xhkg,GCL New Energy Holdings Ltd,xhkg:00451
00459:xhkg,Midland IC&I Ltd,xhkg:00459
00460:xhkg,Sihuan Pharmaceutical Holdings Grp,xhkg:00460
00467:xhkg,United Energy Group Ltd,xhkg:00467
00468:xhkg,Greatview Aseptic Packaging Company Ltd,xhkg:00468
00480:xhkg,HKR Intl Ltd,xhkg:00480
00482:xhkg,Sandmartin International Holdings Ltd,xhkg:00482
00483:xhkg,Bauhaus International (Holdings) Ltd,xhkg:00483
00484:xhkg,Forgame Holdings Ltd,xhkg:00484
00486:xhkg,United Company Rusal Ltd,xhkg:00486
00488:xhkg,Lai Sun Development Co. Ltd,xhkg:00488
00489:xhkg,Dongfeng Motor Group Company Ltd,xhkg:00489
00493:xhkg,GOME Retail Holdings Ltd,xhkg:00493
00494:xhkg,Li & Fung Ltd,xhkg:00494
00497:xhkg,CSI Properties Ltd,xhkg:00497
00498:xhkg,PYI Corporation Ltd,xhkg:00498
00500:xhkg,Frontier Services Group Ltd,xhkg:00500
00503:xhkg,Lansen Pharmaceutical Holdings Ltd,xhkg:00503
00506:xhkg,China Foods Ltd,xhkg:00506
00509:xhkg,Century Sunshine Group Holdings Ltd,xhkg:00509
00510:xhkg,CASH Financial Services Group Ltd,xhkg:00510
00511:xhkg,Television Broadcasts Ltd,xhkg:00511
00512:xhkg,China Grand Pharmaceutical and Hlthcr Hldngs Ltd,xhkg:00512
00517:xhkg,COSCO Shipping International Co. Ltd,xhkg:00517
00518:xhkg,Tungtex (Holdings) Co. Ltd,xhkg:00518
00519:xhkg,Applied Development Holdings Ltd,xhkg:00519
00520:xhkg,Xiabuxiabu Catering Mgmt (China) Hldgs Co. Ltd,xhkg:00520
00521:xhkg,HNA Holding Group Co. Ltd,xhkg:00521
00522:xhkg,ASM Pacific Technology Ltd,xhkg:00522
00525:xhkg,Guangshen Railway Co. Ltd,xhkg:00525
00528:xhkg,Kingdom Holdings Ltd,xhkg:00528
00529:xhkg,SIS International Holdings Ltd,xhkg:00529
00530:xhkg,Goldin Financial Holdings Ltd,xhkg:00530
00531:xhkg,Samson Holding Ltd,xhkg:00531
00533:xhkg,Goldlion Holdings Ltd,xhkg:00533
00535:xhkg,Gemdale Properties and Investment Corp.,xhkg:00535
00538:xhkg,Ajisen (China) Holdings Ltd,xhkg:00538
00539:xhkg,Victory City International Holdings Ltd,xhkg:00539
00540:xhkg,Speedy Global Holdings Ltd,xhkg:00540
00543:xhkg,Pacific Online,xhkg:00543
00546:xhkg,Fufeng Group Ltd,xhkg:00546
00547:xhkg,Digital Domain Holdings Ltd,xhkg:00547
00548:xhkg,Shenzhen Expressway Co. Ltd,xhkg:00548
00551:xhkg,Yue Yuen Industrial (Holdings) Ltd,xhkg:00551
00552:xhkg,China Communications Services Corp. Ltd,xhkg:00552
00553:xhkg,Nanjing Panda Electronics Co Ltd,xhkg:00553
00555:xhkg,REXLot Holdings Ltd,xhkg:00555
00556:xhkg,Pan Asia Environmental Protection Group Ltd,xhkg:00556
00559:xhkg,DeTai New Energy Group Ltd,xhkg:00559
00560:xhkg,Chu Kong Shipping Development Co. Ltd,xhkg:00560
00563:xhkg,Shanghai Industrial Urban Development Group Ltd,xhkg:00563
00564:xhkg,Zhengzhou Coal Mining Machinery Group Co. Ltd - H,xhkg:00564
00566:xhkg,Hanergy Thin Film Power Group Ltd - NOCT,xhkg:00566
00568:xhkg,Shandong Molong Petroleum Machinery Co Ltd,xhkg:00568
00569:xhkg,China Automation Group Ltd,xhkg:00569
00570:xhkg,China Traditional Chinese Medicine Co Ltd,xhkg:00570
00571:xhkg,eSun Holdings Ltd,xhkg:00571
00572:xhkg,Future World Financial Holdings Ltd,xhkg:00572
00573:xhkg,Tao Heung Holdings Ltd,xhkg:00573
00574:xhkg,Pa Shun International Holdings Ltd,xhkg:00574
00575:xhkg,Regent Pacific Group Ltd,xhkg:00575
00576:xhkg,Zhejiang Expressway Co. Ltd,xhkg:00576
00577:xhkg,The 13 Holdings Ltd,xhkg:00577
00579:xhkg,Beijing Jingneng Clean Energy Co Ltd,xhkg:00579
00580:xhkg,Sun.King Power Electronics Group Ltd,xhkg:00580
00581:xhkg,China Oriental Group Co. Ltd,xhkg:00581
00582:xhkg,Landing International Development Ltd,xhkg:00582
00586:xhkg,China Conch Venture Holdings Ltd,xhkg:00586
00588:xhkg,Beijing North Star Co. Ltd,xhkg:00588
00590:xhkg,Luk Fook Holdings (International) Ltd,xhkg:00590
00591:xhkg,China High Precision Automation Group Ltd,xhkg:00591
00592:xhkg,Bossini International Holdings Ltd,xhkg:00592
00595:xhkg,AV Concept Holdings Ltd,xhkg:00595
00598:xhkg,Sinotrans Ltd,xhkg:00598
00602:xhkg,Jiahua Stores Holdings Ltd,xhkg:00602
00603:xhkg,China Oil And Gas Group Ltd,xhkg:00603
00604:xhkg,Shenzhen Investment Ltd,xhkg:00604
00605:xhkg,China Financial Services Holdings Ltd,xhkg:00605
00606:xhkg,China Agri-Industries Holdings Ltd,xhkg:00606
00607:xhkg,Fullshare Holdings Ltd,xhkg:00607
00609:xhkg,Tiande Chemical Holdings Ltd,xhkg:00609
00611:xhkg,China Nuclear Energy Technology Corp Ltd,xhkg:00611
00612:xhkg,China Investment Fund International Holdings Ltd,xhkg:00612
00613:xhkg,Yugang International Ltd,xhkg:00613
00616:xhkg,Eminence Enterprise Ltd,xhkg:00616
00621:xhkg,Taung Gold International Ltd,xhkg:00621
00622:xhkg,Enerchina Holdings Ltd,xhkg:00622
00623:xhkg,Sino Media Holdings Ltd,xhkg:00623
00628:xhkg,Gome Finance Technology Co Ltd,xhkg:00628
00631:xhkg,Sany Heavy Equipment International Holdings,xhkg:00631
00633:xhkg,China All Access (Holdings) Ltd,xhkg:00633
00635:xhkg,Playmates Holdings Ltd,xhkg:00635
00636:xhkg,Kerry Logistics Network Ltd,xhkg:00636
00637:xhkg,Lee Kee Holdings Ltd,xhkg:00637
00639:xhkg,Shougang Resources,xhkg:00639
00641:xhkg,CHTC Fong's Industries Co Ltd,xhkg:00641
00646:xhkg,China Environmental Technology Holdings Ltd,xhkg:00646
00648:xhkg,China Wah Yan Healthcare,xhkg:00648
00650:xhkg,IDG Energy Investment Group Ltd,xhkg:00650
00651:xhkg,China Ocean Industry Group Ltd,xhkg:00651
00656:xhkg,Fosun International Ltd,xhkg:00656
00657:xhkg,G-Vision International (Holdings) Ltd,xhkg:00657
00658:xhkg,China High Speed Transmission Equipment Grp Co.Ltd,xhkg:00658
00659:xhkg,NWS Holdings Ltd,xhkg:00659
00660:xhkg,Wai Chun Mining Industry Group Co Ltd,xhkg:00660
00661:xhkg,China Daye Non-Ferrous Metals Mining Ltd,xhkg:00661
00665:xhkg,Haitong International Securities Group Ltd,xhkg:00665
00666:xhkg,SHK Hong Kong Industries Ltd,xhkg:00666
00669:xhkg,Techtronic Industries Co. Ltd,xhkg:00669
00670:xhkg,China Eastern Airlines,xhkg:00670
00672:xhkg,Zhong An Real Estate Ltd,xhkg:00672
00677:xhkg,Golden Resources Development International Ltd,xhkg:00677
00678:xhkg,Genting Hong Kong Ltd,xhkg:00678
00680:xhkg,Nan Hai Corporation Ltd,xhkg:00680
00681:xhkg,Chinese People Holdings Co Ltd,xhkg:00681
00682:xhkg,Chaoda Modern Agriculture (Holdings) Ltd,xhkg:00682
00683:xhkg,Kerry Properties Ltd,xhkg:00683
00684:xhkg,Allan International Holdings Ltd,xhkg:00684
00686:xhkg,Panda Green Energy Group Ltd,xhkg:00686
00688:xhkg,China Overseas Land & Investment Ltd,xhkg:00688
00689:xhkg,EPI (Holdings) Ltd,xhkg:00689
00691:xhkg,China ShanShui Cement Group,xhkg:00691
00692:xhkg,China Household Holdings Ltd,xhkg:00692
00693:xhkg,Tan Chong International Ltd,xhkg:00693
00694:xhkg,Beijing Capital International Airport Co. Ltd,xhkg:00694
00695:xhkg,Dongwu Cement International Ltd,xhkg:00695
00696:xhkg,Travelsky Technology Ltd,xhkg:00696
00697:xhkg,Shougang Concord International Enterprises Co. Ltd,xhkg:00697
00698:xhkg,Tongda Group Holdings Ltd,xhkg:00698
00699:xhkg,CAR Inc.,xhkg:00699
00700:xhkg,Tencent Holdings Ltd,xhkg:00700
00703:xhkg,Future Bright Holdings Ltd,xhkg:00703
00705:xhkg,Ding He Mining Holdings Ltd,xhkg:00705
00706:xhkg,Beautiful China Holdings Co Ltd,xhkg:00706
00707:xhkg,Co-Prosperity Holdings Ltd,xhkg:00707
708:xhkg,Evergrande Health Industry Group Ltd,xhkg:708
00709:xhkg,Giordano International Ltd,xhkg:00709
00710:xhkg,BOE Varitronix Ltd,xhkg:00710
00712:xhkg,Comtec Solar Systems Group Ltd,xhkg:00712
00715:xhkg,China Oceanwide Holdings Ltd,xhkg:00715
00716:xhkg,Singamas Container Holdings Ltd,xhkg:00716
00717:xhkg,Emperor Capital Group Ltd,xhkg:00717
00718:xhkg,Tai United Holdings Ltd,xhkg:00718
00719:xhkg,Shandong Xinhua Pharmaceutical Co. Ltd,xhkg:00719
00720:xhkg,Auto Italia Holdings Ltd,xhkg:00720
00721:xhkg,China Financial International Investments Ltd,xhkg:00721
00722:xhkg,UMP Healthcare Holdings Ltd,xhkg:00722
00724:xhkg,Ruixin International Holdings Ltd,xhkg:00724
00727:xhkg,Crown International Corporation Ltd,xhkg:00727
00728:xhkg,China Telecom Corp. Ltd,xhkg:00728
00729:xhkg,FDG Electric Vehicles Ltd,xhkg:00729
00732:xhkg,Truly International Holdings Ltd,xhkg:00732
00733:xhkg,Hopefluent Group Holdings Ltd,xhkg:00733
00735:xhkg,China Power Clean Energy Development Company Ltd,xhkg:00735
00737:xhkg,Hopewell Highway Infrastructure Ltd,xhkg:00737
00738:xhkg,Le Saunda Holdings Ltd,xhkg:00738
00743:xhkg,Asia Cement (China) Holdings Corporation,xhkg:00743
00745:xhkg,China National Culture Group Ltd,xhkg:00745
00746:xhkg,Lee & Man Cheminal Co. Ltd,xhkg:00746
00751:xhkg,Skyworth Digital Holdings Ltd,xhkg:00751
00752:xhkg,Pico Far East Holdings Ltd,xhkg:00752
00753:xhkg,Air China Ltd,xhkg:00753
00754:xhkg,Hopson Development Holdings Ltd,xhkg:00754
00756:xhkg,Tianyi (Summi) Holdings Ltd,xhkg:00756
00759:xhkg,CEC Intl Holdings Ltd,xhkg:00759
00762:xhkg,China Unicom Ltd,xhkg:00762
00763:xhkg,ZTE Corporation,xhkg:00763
00767:xhkg,Pacific Plywood Holdings Ltd,xhkg:00767
00769:xhkg,China Rare Earth Holdings Ltd,xhkg:00769
00771:xhkg,Automated Systems Holdings Ltd,xhkg:00771
00772:xhkg,China Literature Ltd,xhkg:00772
00775:xhkg,CK Life Sciences Intl (Holdings) Inc.,xhkg:00775
00777:xhkg,NetDragon Websoft Inc.,xhkg:00777
00778:xhkg,Fortune REIT,xhkg:00778
00787:xhkg,Global Brands Group Holdings Ltd,xhkg:00787
00789:xhkg,Primeview Holdings Ltd,xhkg:00789
00798:xhkg,China Electronics Optics Valley Union Hldng Co Ltd,xhkg:00798
00799:xhkg,IGG Inc.,xhkg:00799
00800:xhkg,A8 New Media Group Ltd,xhkg:00800
00801:xhkg,Golden Meditech Holdings Ltd,xhkg:00801
00802:xhkg,China e-Wallet Payment Group Ltd,xhkg:00802
00805:xhkg,Glencore Plc,xhkg:00805
00808:xhkg,Prosperity Real Estate Investment Trust,xhkg:00808
00810:xhkg,China Internet Investment Finance Holdings Ltd,xhkg:00810
00813:xhkg,Shimao Property Holdings Ltd,xhkg:00813
00814:xhkg,Beijing Jingkelong Co. Ltd,xhkg:00814
00815:xhkg,China Silver Group Ltd,xhkg:00815
00816:xhkg,Huadian Fuxin Energy Corporation Ltd,xhkg:00816
00817:xhkg,China Jinmao Holdings Group Ltd,xhkg:00817
00818:xhkg,Hi Sun Technology (China) Ltd,xhkg:00818
00819:xhkg,Tianneng Power International Ltd,xhkg:00819
00820:xhkg,HSBC China Dragon Fund,xhkg:00820
00821:xhkg,Value Convergence Holdings Ltd,xhkg:00821
00823:xhkg,Link Real Estate Investment Trust,xhkg:00823
00825:xhkg,New World Department Store China Ltd,xhkg:00825
00826:xhkg,Tiangong International Co Ltd,xhkg:00826
00828:xhkg,Dynasty Fine Wines Group Ltd,xhkg:00828
00829:xhkg,Shenguan Holdings (Group) Ltd,xhkg:00829
00830:xhkg,Far East Global Group Ltd,xhkg:00830
00832:xhkg,Central China Real Estate Ltd,xhkg:00832
00836:xhkg,China Resources Power Holdings Co. Ltd,xhkg:00836
00837:xhkg,Carpenter Tan Holdings Ltd,xhkg:00837
00838:xhkg,EVA precision Ind Hldgs,xhkg:00838
00842:xhkg,Leoch International Technology Ltd,xhkg:00842
00845:xhkg,Glorious Property Holdings Limited,xhkg:00845
00848:xhkg,Maoye International Holdings,xhkg:00848
00852:xhkg,Strong Petrochemical Holdings Ltd,xhkg:00852
00853:xhkg,MicroPort Scientific Corp.,xhkg:00853
00855:xhkg,China Water Affairs Group Ltd,xhkg:00855
00856:xhkg,VSTECS Holdings Ltd,xhkg:00856
00857:xhkg,PetroChina Co. Ltd,xhkg:00857
00860:xhkg,O Luxe Holdings Ltd,xhkg:00860
00861:xhkg,Digital China Holdings Ltd,xhkg:00861
00866:xhkg,China Qinfa Group,xhkg:00866
00867:xhkg,China Medical System Holdings,xhkg:00867
00868:xhkg,Xinyi Glass Holdings Ltd,xhkg:00868
00869:xhkg,Playmates Toys Ltd,xhkg:00869
00871:xhkg,China Dredging Environment Protection Hldgs Ltd,xhkg:00871
00873:xhkg,China Taifeng Beddings Holdings Ltd - NOCT,xhkg:00873
00874:xhkg,Guangzhou Baiyunshan Pharma Holdings Co Ltd,xhkg:00874
00875:xhkg,China Finance Investment Holdings Ltd,xhkg:00875
00877:xhkg,O-Net Technologies Group Ltd,xhkg:00877
00878:xhkg,Soundwill Holdings Ltd,xhkg:00878
00880:xhkg,SJM Holdings Ltd,xhkg:00880
00881:xhkg,Zhongsheng Group Holdings Ltd,xhkg:00881
00882:xhkg,Tianjin Development Holdings Ltd,xhkg:00882
00883:xhkg,CNOOC Ltd,xhkg:00883
00884:xhkg,CIFI Holdings (Group) Co Ltd,xhkg:00884
00885:xhkg,Rentian Technology Holdings Ltd,xhkg:00885
00886:xhkg,Silver Base Group Holdings Ltd,xhkg:00886
00887:xhkg,Emperor Watch & Jewellery Ltd,xhkg:00887
00889:xhkg,Datronix Holdings Ltd,xhkg:00889
00891:xhkg,Trinity,xhkg:00891
00893:xhkg,China Vanadium Titano-Magnetite Mining Co. Ltd,xhkg:00893
00894:xhkg,Man Yue Technology Holdings Ltd,xhkg:00894
00895:xhkg,Dongjiang Environmental Co Ltd,xhkg:00895
00896:xhkg,Hanison Construction Holdings Ltd,xhkg:00896
00900:xhkg,Aeon Credit Service (Asia) Company Ltd,xhkg:00900
00902:xhkg,Huaneng Power International Inc.,xhkg:00902
00903:xhkg,TPV Technology Ltd,xhkg:00903
00904:xhkg,China Green Holdings Ltd,xhkg:00904
00906:xhkg,CPMC Holdings Ltd,xhkg:00906
00910:xhkg,China Sandi Holdings Ltd,xhkg:00910
00911:xhkg,Qianhai Health Holdings Ltd,xhkg:00911
00913:xhkg,Unity Investments Holdings Ltd,xhkg:00913
00914:xhkg,Conch Cement Co. Ltd,xhkg:00914
00916:xhkg,China Longyuan Power Group Corp. Ltd,xhkg:00916
00918:xhkg,State Energy Group International Assts Hldings Ltd,xhkg:00918
00919:xhkg,Modern Beauty Salon Holdings Ltd,xhkg:00919
00921:xhkg,Hisense Kelon Electrical Holdings,xhkg:00921
00925:xhkg,Beijing Properties (Holdings) Ltd,xhkg:00925
00926:xhkg,Besunyen Holdings Co. Ltd,xhkg:00926
00927:xhkg,Fujikon Industrial Holdings Ltd,xhkg:00927
00931:xhkg,China LNG Group Ltd,xhkg:00931
00932:xhkg,RM Group Holdings Ltd,xhkg:00932
00933:xhkg,Brightoil Petroleum (Holdings) Ltd,xhkg:00933
00934:xhkg,Sinopec Kantons Holdings Ltd,xhkg:00934
00936:xhkg,Eagle Legend Asia Ltd,xhkg:00936
00938:xhkg,Man Sang International Ltd,xhkg:00938
00939:xhkg,China Construction Bank Corp.,xhkg:00939
00940:xhkg,China Animal Healthcare Ltd,xhkg:00940
00941:xhkg,China Mobile Ltd,xhkg:00941
00943:xhkg,eForce Holdings Ltd,xhkg:00943
00945:xhkg,Manulife Financial Corp.,xhkg:00945
00947:xhkg,MOBI Development Co. Ltd,xhkg:00947
00948:xhkg,Z-Obee Holdings LTd,xhkg:00948
00950:xhkg,Lee's Pharmaceutical Holdings Ltd,xhkg:00950
00951:xhkg,Chaowei Power Holdings Ltd,xhkg:00951
00952:xhkg,China Oceanwide International Financial Ltd,xhkg:00952
00956:xhkg,China Suntien Green Energy Corp Ltd,xhkg:00956
00958:xhkg,Huaneng Renewables Corporation Ltd,xhkg:00958
00960:xhkg,Longfor Properties Co. Ltd,xhkg:00960
00966:xhkg,China Taiping Insurance Holdings Co. Ltd,xhkg:00966
00967:xhkg,Sound Global Ltd,xhkg:00967
00968:xhkg,Xinyi Solar Holdings Ltd,xhkg:00968
00970:xhkg,Sparkle Roll Group Ltd,xhkg:00970
00973:xhkg,L Occitane International,xhkg:00973
00975:xhkg,Mongolian Mining Corp.,xhkg:00975
00976:xhkg,Chiho Environmental Group Ltd,xhkg:00976
00978:xhkg,China Merchants Land Ltd,xhkg:00978
00979:xhkg,Green Energy Group Ltd,xhkg:00979
00980:xhkg,Lianhua Supermarket Holdings Co. Ltd,xhkg:00980
00981:xhkg,Semiconductor Manufacturing International Corp.,xhkg:00981
00983:xhkg,SOCAM Development Ltd,xhkg:00983
00984:xhkg,AEON Stores (Hong Kong) Co. Ltd,xhkg:00984
00985:xhkg,CST Group Ltd,xhkg:00985
00986:xhkg,China Environmental Energy Investment Ltd,xhkg:00986
00987:xhkg,China Renewable Energy Investment Ltd,xhkg:00987
00988:xhkg,Loudong General Nice Resources (China) Hldgs,xhkg:00988
00990:xhkg,Theme International Holdings Ltd,xhkg:00990
00991:xhkg,Datang International Power Gen. Co. Ltd,xhkg:00991
00992:xhkg,Lenovo Group Ltd,xhkg:00992
00993:xhkg,Huarong International Financial Holdings Ltd,xhkg:00993
00994:xhkg,Win Win Way Construction Holdings Ltd,xhkg:00994
00995:xhkg,Anhui Expressway Co. Ltd,xhkg:00995
00996:xhkg,Carnival Group Inter Holdings Ltd,xhkg:00996
00997:xhkg,ChinLink Intl Holdings Ltd,xhkg:00997
00998:xhkg,China CITIC Bank Corp Ltd,xhkg:00998
00999:xhkg,I.T Limited,xhkg:00999
01000:xhkg,Beijing Media Corporation Ltd,xhkg:01000
01003:xhkg,Huanxi Media Group Ltd,xhkg:01003
01004:xhkg,China Smarter Energy Group Holdings Ltd,xhkg:01004
01006:xhkg,Changshouhua Food Co Ltd,xhkg:01006
01008:xhkg,Brilliant Circle Holdings International Ltd,xhkg:01008
01011:xhkg,China NT Pharma Group Co. Ltd,xhkg:01011
01019:xhkg,Convoy Global Holdings Ltd,xhkg:01019
01020:xhkg,Cybernaut International Holdings Co. Ltd,xhkg:01020
01023:xhkg,Sitoy Group Holdings Ltd,xhkg:01023
01027:xhkg,China Jicheng Holdings Ltd,xhkg:01027
01029:xhkg,IRC Ltd,xhkg:01029
01030:xhkg,Future Land Development Holdings Ltd,xhkg:01030
01031:xhkg,Kingston Financial Group Ltd,xhkg:01031
01033:xhkg,Sinopec Oilfield Service Corp.,xhkg:01033
01035:xhkg,BBI Life Sciences Corp.,xhkg:01035
01036:xhkg,Vanke Property (Overseas) Ltd,xhkg:01036
01038:xhkg,CK Infrastructure Holdings Ltd,xhkg:01038
01043:xhkg,Coslight Technology International Group Ltd,xhkg:01043
01044:xhkg,Hengan International Group Co. Ltd,xhkg:01044
01045:xhkg,APT Satellite Holdings Ltd,xhkg:01045
01049:xhkg,Celestial Asia Securities Holdings Ltd,xhkg:01049
01050:xhkg,Karrie International Holdings Ltd,xhkg:01050
01051:xhkg,G-Resources Group Ltd,xhkg:01051
01052:xhkg,Yuexiu Transport Infrastructure Ltd,xhkg:01052
01053:xhkg,Chongqing Iron & Steel Co. Ltd,xhkg:01053
01055:xhkg,China Southern Airlines Co. Ltd,xhkg:01055
01057:xhkg,Zhejiang Shibao Co Ltd,xhkg:01057
01059:xhkg,Kantone Holdings Ltd,xhkg:01059
01060:xhkg,Ali Pictures,xhkg:01060
01061:xhkg,Essex Bio-Technology Ltd,xhkg:01061
01606:xhkg,China Development Bank Intl Investment Ltd,xhkg:01606
01063:xhkg,SunCorp Technologies Ltd,xhkg:01063
01065:xhkg,Tianjin Capital Environmental Protection,xhkg:01065
01066:xhkg,Shandong Weigao Group,xhkg:01066
01068:xhkg,China Yurun Food Group Ltd,xhkg:01068
01070:xhkg,TCL Multimedia Technology Holdings Ltd,xhkg:01070
01071:xhkg,Huadian Power International Corporation Ltd,xhkg:01071
00002:xhkg,CLP Holdings Ltd,xhkg:00002
01075:xhkg,Capinfo Co Ltd,xhkg:01075
01076:xhkg,Imperial Pacific Intl Holdings Ltd,xhkg:01076
01080:xhkg,Shengli Oil and Gas Pipe Holdings Ltd,xhkg:01080
01083:xhkg,Towngas China Co. Ltd,xhkg:01083
01085:xhkg,Hengxin Technology Ltd,xhkg:01085
01086:xhkg,Goodbaby International Holdings Ltd,xhkg:01086
01088:xhkg,China Shenhua Energy Co. Ltd,xhkg:01088
01089:xhkg,Leyou Technologies Holdings Ltd,xhkg:01089
01090:xhkg,Da Ming International Holdings Ltd,xhkg:01090
01093:xhkg,CSPC Pharmaceutical Group Ltd,xhkg:01093
01096:xhkg,Sino Energy International Holdings Group Ltd,xhkg:01096
01097:xhkg,i-Cable Communications Ltd,xhkg:01097
01098:xhkg,Road King Infrastructure Ltd,xhkg:01098
01099:xhkg,Sinopharm,xhkg:01099
01100:xhkg,Mainland Headwear Holdings Ltd,xhkg:01100
01101:xhkg,China Huarong Energy Co. Ltd,xhkg:01101
01103:xhkg,Shanghai Dasheng Agri Finanace Tech Co. Ltd,xhkg:01103
01104:xhkg,APAC Resources Ltd,xhkg:01104
01109:xhkg,China Resources Land Ltd,xhkg:01109
01111:xhkg,Chong Hing Bank Ltd,xhkg:01111
01112:xhkg,Health and Happiness (H&H) Intl Holdings Ltd,xhkg:01112
01113:xhkg,CK Asset Holdings Ltd,xhkg:01113
01114:xhkg,Brilliance China Automotive Holdings Ltd,xhkg:01114
01115:xhkg,Tibet Water Resources Ltd,xhkg:01115
01117:xhkg,China Modern Dairy Holdings Ltd,xhkg:01117
01122:xhkg,Qingling Motors Co. Ltd,xhkg:01122
01123:xhkg,China-Hongkong Photo Products Holdings Ltd,xhkg:01123
01125:xhkg,Lai Fung Holdings Ltd,xhkg:01125
01126:xhkg,Dream International Ltd,xhkg:01126
01127:xhkg,Lion Rock Group Ltd,xhkg:01127
01128:xhkg,Wynn Macau Ltd,xhkg:01128
01130:xhkg,China Environmental Resources Group Ltd,xhkg:01130
01131:xhkg,Agritrade Resources,xhkg:01131
01132:xhkg,Orange Sky Golden Harvest Entertmt (Hldgs) Ltd,xhkg:01132
01133:xhkg,Harbin Electric Company Ltd,xhkg:01133
01135:xhkg,Asia Satellite Telecommunications Holdings Ltd,xhkg:01135
01137:xhkg,Hong Kong Television Network Ltd,xhkg:01137
01138:xhkg,Cosco Shipping Energy Transportation Co. Ltd,xhkg:01138
01141:xhkg,CMBC Capital Holdings Limited,xhkg:01141
01142:xhkg,Siberian Mining Group Co Ltd,xhkg:01142
01143:xhkg,China Healthcare Enterprise Group Ltd,xhkg:01143
01148:xhkg,Xinchen China Power Holdings Ltd,xhkg:01148
01149:xhkg,Anxin-China Holdings Ltd,xhkg:01149
01150:xhkg,Milan Station Holdings Ltd,xhkg:01150
01161:xhkg,Water Oasis Group Ltd,xhkg:01161
01164:xhkg,CGN Mining Co Ltd,xhkg:01164
01165:xhkg,Shunfeng International Clean Energy Ltd,xhkg:01165
01168:xhkg,Sinolink Worldwide Holdings Ltd,xhkg:01168
01169:xhkg,Haier Electronics Group Co. Ltd,xhkg:01169
01171:xhkg,Yanzhou Coal Mining Co. Ltd,xhkg:01171
01174:xhkg,Pacific Andes International Holdings Ltd,xhkg:01174
01175:xhkg,Fresh Express Delivery Holdings Group Co Ltd,xhkg:01175
01176:xhkg,Zhuguang Holdings Group Co Ltd,xhkg:01176
01177:xhkg,Sino Biopharmaceutical Ltd,xhkg:01177
01178:xhkg,Share Economy Group Ltd,xhkg:01178
01180:xhkg,Paradise Entertainment Ltd,xhkg:01180
01181:xhkg,Tang Palace (China) Holdings Ltd,xhkg:01181
01182:xhkg,Success Dragon International Holdings Ltd,xhkg:01182
01186:xhkg,China Railway Construction Corp. Ltd,xhkg:01186
01188:xhkg,Hybrid Kinetic Group Ltd,xhkg:01188
01189:xhkg,Rosedale Hotel Holdings Ltd,xhkg:01189
01192:xhkg,Titan Petrochemicals Group Ltd,xhkg:01192
01193:xhkg,China Resources Gas Group Ltd,xhkg:01193
01194:xhkg,Munsun Capital Group Ltd,xhkg:01194
01196:xhkg,Realord Group Holdings Ltd,xhkg:01196
01198:xhkg,Royale Furniture Holdings Ltd,xhkg:01198
01199:xhkg,COSCO Shipping Ports Ltd,xhkg:01199
01200:xhkg,Midland Holdings Ltd,xhkg:01200
01202:xhkg,Chengdu PUTIAN Telecommunications Cable Co.,xhkg:01202
01205:xhkg,CITIC Resources Holdings Ltd,xhkg:01205
01206:xhkg,Technovator International Ltd,xhkg:01206
01207:xhkg,SRE Group Ltd,xhkg:01207
01208:xhkg,MMG Ltd,xhkg:01208
01211:xhkg,BYD Company Ltd,xhkg:01211
01212:xhkg,Lifestyle International Holdings Ltd,xhkg:01212
01215:xhkg,Kai Yuan Holdings Ltd,xhkg:01215
01217:xhkg,China Innovation Investment Ltd,xhkg:01217
01219:xhkg,Tenwow International Holdings Ltd,xhkg:01219
01222:xhkg,Wang On Group Ltd,xhkg:01222
01224:xhkg,C C Land Holdings Ltd,xhkg:01224
01225:xhkg,Lerado Financial Group Co Ltd,xhkg:01225
01227:xhkg,National Investments Fund Ltd,xhkg:01227
01230:xhkg,Yashili International Holdings Ltd,xhkg:01230
01231:xhkg,Newton Resources Ltd,xhkg:01231
01233:xhkg,Times Property Holdings Ltd,xhkg:01233
01234:xhkg,China Lilang,xhkg:01234
01236:xhkg,National Agricultural Holdings Ltd,xhkg:01236
01237:xhkg,China Environmental Tech and Bioenergy Hld Ltd,xhkg:01237
01238:xhkg,Powerlong Real Estate Holdings,xhkg:01238
01239:xhkg,Teamway International Group Holdings Ltd,xhkg:01239
01241:xhkg,Shuanghua Holdings Ltd,xhkg:01241
01246:xhkg,Boill Healthcare Holdings Ltd,xhkg:01246
01247:xhkg,Miko Int Holdings Ltd,xhkg:01247
01249:xhkg,Tonly Electronics Holdings Ltd,xhkg:01249
01250:xhkg,Beijing Enterprises Clean Energy Group Ltd,xhkg:01250
01251:xhkg,SPT Energy Group Inc.,xhkg:01251
01253:xhkg,China Greenland Broad Greenstate Group Co Ltd,xhkg:01253
01255:xhkg,S.Culture International Holdings Ltd,xhkg:01255
01259:xhkg,China Child Care Corporation Ltd,xhkg:01259
01260:xhkg,Wonderful Sky Financial Group Holdings Ltd,xhkg:01260
01262:xhkg,Labixiaoxin Snacks Group Ltd,xhkg:01262
01263:xhkg,PC Partner Group Ltd,xhkg:01263
01265:xhkg,Tianjin Jinran Public Utilities Co Ltd - H Shares,xhkg:01265
01266:xhkg,Xiwang Special Steel Co. Ltd,xhkg:01266
01268:xhkg,China MeiDong Auto Holdings Ltd,xhkg:01268
01269:xhkg,China First Capital Group Ltd,xhkg:01269
01270:xhkg,Langham Hsptlty Inv.& Langham Hsptlty Inv. Ltd,xhkg:01270
01272:xhkg,Datang Enviro Industry Group Co. Ltd - H Shares,xhkg:01272
01275:xhkg,New Century Real Estate Investment Trust,xhkg:01275
01278:xhkg,China New Town Development Co. Ltd,xhkg:01278
01282:xhkg,China Goldjoy Group Ltd,xhkg:01282
01288:xhkg,Agricultural Bank Of China,xhkg:01288
01290:xhkg,China Huirong Financial Holdings Ltd,xhkg:01290
01292:xhkg,Changan Minsheng APLL Logistics Co Ltd,xhkg:01292
01293:xhkg,Grand Baoxin Auto Group Ltd,xhkg:01293
01296:xhkg,Guodian Technology & Environment Group Corp. Ltd,xhkg:01296
01297:xhkg,Sinosoft Technology Group Ltd,xhkg:01297
01299:xhkg,AIA Group Ltd,xhkg:01299
01301:xhkg,D&G Technology Holding Company Ltd,xhkg:01301
01302:xhkg,LifeTech Scientific Corp.,xhkg:01302
01303:xhkg,Huili Resources (Group) Ltd,xhkg:01303
01308:xhkg,SITC International Holdings Co. Ltd,xhkg:01308
01310:xhkg,HKBN Ltd,xhkg:01310
01313:xhkg,China Resources Cement Holdings Ltd,xhkg:01313
01314:xhkg,Tsui Wah Holdings Ltd,xhkg:01314
01316:xhkg,Nexteer Automotive Group Ltd,xhkg:01316
01317:xhkg,China Maple Leaf Educational Systems Ltd,xhkg:01317
01319:xhkg,Oi Wah Pawnshop Credit Holdings Ltd,xhkg:01319
01322:xhkg,CW Group Holdings Ltd,xhkg:01322
01323:xhkg,Newtree Group Holdings Ltd,xhkg:01323
01327:xhkg,Time2U International Holding Ltd,xhkg:01327
01330:xhkg,Dynagreen Environmental Protection Group Co Ltd,xhkg:01330
01332:xhkg,China Touyun Tech Group Ltd,xhkg:01332
01333:xhkg,China ZhongWang Holdings,xhkg:01333
01336:xhkg,New China Life Insurance Co Ltd,xhkg:01336
01337:xhkg,Razer Inc.,xhkg:01337
01339:xhkg,The People's Insurance Co (Group) of China Ltd,xhkg:01339
01340:xhkg,Huisheng International Holdings Ltd,xhkg:01340
01345:xhkg,China Pioneer Pharma Holdings Ltd,xhkg:01345
01347:xhkg,Hua Hong Semiconductor Ltd,xhkg:01347
01349:xhkg,Shanghai Fudan-Zhangjiang Bio-Pharma Co.Ltd,xhkg:01349
01357:xhkg,Meitu Inc.,xhkg:01357
01358:xhkg,PW Medtech Group Ltd,xhkg:01358
01359:xhkg,China Cinda Asset Management Co Ltd,xhkg:01359
01361:xhkg,361 Degrees,xhkg:01361
01363:xhkg,CT Environmental Group Ltd,xhkg:01363
01365:xhkg,China Rundong Auto Group Ltd,xhkg:01365
01366:xhkg,Jiangnan Group Ltd,xhkg:01366
01367:xhkg,Hanbo Enterprises Holdings Ltd,xhkg:01367
01368:xhkg,Xtep International Holdings Ltd,xhkg:01368
01369:xhkg,Wuzhou Intl. Holdings Ltd,xhkg:01369
01373:xhkg,International Housewares Retail Co Ltd,xhkg:01373
01375:xhkg,Central China Securities Co Ltd - H Shares,xhkg:01375
01378:xhkg,China Hongqiao Group Ltd,xhkg:01378
01381:xhkg,Canvest Environmental Protection Group Co Ltd,xhkg:01381
01382:xhkg,Pacific Textiles Holdings Ltd,xhkg:01382
01385:xhkg,Shanghai Fudan Microelectronics Group Company Ltd,xhkg:01385
01387:xhkg,Renhe Commercial Holdings Co. Ltd,xhkg:01387
01388:xhkg,Embry Holdings Ltd,xhkg:01388
01389:xhkg,Major Holdings Ltd,xhkg:01389
01393:xhkg,Hidili Industry International Development Ltd,xhkg:01393
01395:xhkg,ELL Environmental Holdings Ltd,xhkg:01395
01396:xhkg,Hydoo International Holdings Ltd,xhkg:01396
01398:xhkg,Industrial and Commercial Bank of China Ltd,xhkg:01398
01415:xhkg,Cowell e Holdings Inc.,xhkg:01415
01421:xhkg,Kingbo Strike Ltd,xhkg:01421
01426:xhkg,Spring Real Estate Investment Trust,xhkg:01426
01428:xhkg,Bright Smart Securities & Commodities Group,xhkg:01428
01431:xhkg,YuanShengTai Dairy Farm Ltd,xhkg:01431
01432:xhkg,China Shengmu Organic Milk Ltd,xhkg:01432
01439:xhkg,Mobile Internet (China) Holdings Ltd,xhkg:01439
01443:xhkg,Fulum Group Holdings Ltd,xhkg:01443
01448:xhkg,Fu Shou Yuan International Group Ltd,xhkg:01448
01450:xhkg,Century Sage Scientific Holdings Ltd,xhkg:01450
01456:xhkg,Guolian Securities Co Ltd,xhkg:01456
01458:xhkg,Zhou Hei Ya International Holdings Co Ltd,xhkg:01458
01459:xhkg,Jujiang Construction Group Co Ltd,xhkg:01459
01460:xhkg,ICO Group Ltd,xhkg:01460
01462:xhkg,Gold-Finance Holdings Ltd,xhkg:01462
01468:xhkg,UKF (Holdings) Ltd,xhkg:01468
01469:xhkg,Get Nice Financial Group Ltd,xhkg:01469
01475:xhkg,Nissin Foods Company Ltd - NOCT,xhkg:01475
01476:xhkg,Hengtai Securities Co Ltd,xhkg:01476
01478:xhkg,Q Technology (Group) Co Ltd,xhkg:01478
01480:xhkg,Yan Tat Group Holdings Ltd,xhkg:01480
01488:xhkg,Best Food Holding Co Ltd,xhkg:01488
01500:xhkg,In Construction Holdings Ltd,xhkg:01500
01508:xhkg,China Reinsurance (Group) Corp.,xhkg:01508
01509:xhkg,Harmonicare Medical Holdings Ltd,xhkg:01509
01513:xhkg,Livzon Pharmaceutical Group Inc.,xhkg:01513
01515:xhkg,China Resources Phoenix Healthcare Holdings Co Ltd,xhkg:01515
01518:xhkg,New Century Healthcare Holdings Co. Ltd,xhkg:01518
01520:xhkg,CEFC HK Fin Investment Co. Ltd,xhkg:01520
01522:xhkg,BII Railway Transportation Tech Hldings Co. Ltd,xhkg:01522
01523:xhkg,Plover Bay Technologies Ltd,xhkg:01523
01526:xhkg,Rici Healthcare Holdings Ltd,xhkg:01526
01528:xhkg,Red Star Macalline Group Corporation Ltd,xhkg:01528
01530:xhkg,3SBio Inc.,xhkg:01530
01536:xhkg,Yuk Wing Group Holdings Ltd,xhkg:01536
01538:xhkg,Zhong Ao Home Group Ltd,xhkg:01538
01539:xhkg,Synergy Group Holdings International Ltd,xhkg:01539
01547:xhkg,IBI Group Holdings Ltd,xhkg:01547
01548:xhkg,Genscript Biotech Corp.,xhkg:01548
01555:xhkg,MIE Holdings Corp.,xhkg:01555
01556:xhkg,Chinney Kin Wing Holdings Ltd,xhkg:01556
01558:xhkg,Yichang HEC ChangJiang Pharmaceutical Co. Ltd,xhkg:01558
01560:xhkg,Star Properties Group (Cayman Islands) Ltd,xhkg:01560
01565:xhkg,Virscend Education Company Ltd,xhkg:01565
01568:xhkg,Sundart Holdings Ltd,xhkg:01568
01569:xhkg,Minsheng Education Group Co. Ltd,xhkg:01569
01570:xhkg,Weiye Holdings Ltd,xhkg:01570
01571:xhkg,Xin Point Holdings Ltd,xhkg:01571
01572:xhkg,China Art Financial Holdings Ltd,xhkg:01572
01573:xhkg,China Unienergy Group Ltd,xhkg:01573
01575:xhkg,Morris Holdings Ltd,xhkg:01575
01577:xhkg,Quanzhou Huixin Micro-credit Co Ltd - H Shares,xhkg:01577
01579:xhkg,Yihai International Holdings Ltd,xhkg:01579
01580:xhkg,Da Sen Holdings Group Ltd,xhkg:01580
01581:xhkg,Progressive Path Group Holdings Ltd,xhkg:01581
01583:xhkg,Qinqin Foodstuffs Group (Cayman) Co. Ltd,xhkg:01583
01585:xhkg,Yadea Group Holdings Ltd,xhkg:01585
01588:xhkg,Chanjet Information Technology Co Ltd,xhkg:01588
01589:xhkg,China Logistics Property Holdings Co Ltd,xhkg:01589
01591:xhkg,Shun Wo Group Holdings Ltd,xhkg:01591
01596:xhkg,Hebei Yichen Industrial Group Corp. Ltd - H Shares,xhkg:01596
01599:xhkg,Beijing Urban Const Design & Dev Group Co Ltd,xhkg:01599
01600:xhkg,China Tian Lun Gas Holdings Ltd,xhkg:01600
01608:xhkg,VPower Group,xhkg:01608
01609:xhkg,Chong Kin Group Holdings Ltd,xhkg:01609
01610:xhkg,COFCO Meat Holdings Ltd,xhkg:01610
01611:xhkg,Pantronics Holdings Ltd,xhkg:01611
01612:xhkg,Vincent Medical Holdings Ltd,xhkg:01612
01613:xhkg,Synertone Communication Corp.,xhkg:01613
01617:xhkg,Nanfang Communication Holdings Ltd,xhkg:01617
01618:xhkg,Metallurgical Corporation of China Ltd,xhkg:01618
01619:xhkg,Tianhe Chemicals Group Ltd,xhkg:01619
01622:xhkg,Redco Properties Group Ltd,xhkg:01622
01623:xhkg,Hilong Holding Ltd,xhkg:01623
01627:xhkg,Able Engineering Holdings Ltd,xhkg:01627
01628:xhkg,Yuzhou Properties Co Ltd,xhkg:01628
01630:xhkg,Kin Shing Holdings Ltd,xhkg:01630
01632:xhkg,Food Wise Holdings Ltd,xhkg:01632
01633:xhkg,Sheung Yue Group Holdings Ltd,xhkg:01633
01635:xhkg,Shanghai Dazhong Public Utilities Grp Co Ltd - H,xhkg:01635
01637:xhkg,SH Group Holdings Ltd,xhkg:01637
01638:xhkg,Kaisa Group Holdings Ltd,xhkg:01638
01656:xhkg,ISDN Holdings Ltd,xhkg:01656
01658:xhkg,Postal Savings Bank of China,xhkg:01658
01660:xhkg,Sanroc International Holdings Ltd,xhkg:01660
01661:xhkg,Wisdom Sports Group,xhkg:01661
01662:xhkg,Yee Hop Holdings Ltd,xhkg:01662
01666:xhkg,Tong Ren Tang Technologies,xhkg:01666
01668:xhkg,China South City Holdings Ltd,xhkg:01668
01676:xhkg,China Shenghai Food Holdings Co. Ltd,xhkg:01676
01678:xhkg,China Creative Global Holdings Ltd,xhkg:01678
01680:xhkg,Macau Legend Development Ltd,xhkg:01680
01681:xhkg,Consun Pharmaceutical Group Ltd,xhkg:01681
01685:xhkg,Boer Power Holdings Ltd,xhkg:01685
01689:xhkg,Huaxi Holdings Company Ltd,xhkg:01689
01696:xhkg,Sisram Medical Ltd,xhkg:01696
01698:xhkg,Boshiwa International Holding,xhkg:01698
01700:xhkg,Springland International Holdings Ltd,xhkg:01700
01706:xhkg,Shuang Yun Holdings Ltd - NOCT,xhkg:01706
01709:xhkg,Season Pacific Holdings Ltd,xhkg:01709
01717:xhkg,Ausnutria Dairy Corp. Ltd,xhkg:01717
01728:xhkg,China ZhengTong Auto Services Holdings,xhkg:01728
01733:xhkg,E-Commodities Holdings Ltd,xhkg:01733
00175:xhkg,Geely Automobile Holdings Ltd,xhkg:00175
01766:xhkg,CRRC Corporation Ltd,xhkg:01766
01776:xhkg,GF Securities Co Ltd,xhkg:01776
01777:xhkg,Fantasia Holdings Group Co. Ltd,xhkg:01777
1778:xhkg,Colour Life Services Group Co Ltd,xhkg:1778
01786:xhkg,CRCC High - Tech Equipment Corp. Ltd - H Shares,xhkg:01786
01788:xhkg,Guotai Junan International Holdings,xhkg:01788
01798:xhkg,China Datang Corporation Renewable Power Co Ltd,xhkg:01798
01800:xhkg,China Communications Construction Co. Ltd,xhkg:01800
01803:xhkg,Beijing Sports & Entertainment Industry Group Ltd,xhkg:01803
01808:xhkg,Enterprise Development Holdings Ltd,xhkg:01808
01811:xhkg,CGN New Energy Holdings Co Ltd,xhkg:01811
01812:xhkg,Shandong Chenming,xhkg:01812
01813:xhkg,KWG Property Holding Ltd,xhkg:01813
01816:xhkg,CGN Power Co Ltd,xhkg:01816
01818:xhkg,Zhaojin Mining Industry Co. Ltd,xhkg:01818
01819:xhkg,Fuguiniao Co Ltd - H Shares,xhkg:01819
01823:xhkg,Huayu Expressway Group Ltd,xhkg:01823
01828:xhkg,Dah Chong Hong Holdings Ltd,xhkg:01828
01829:xhkg,China Machinery Equipment Engineering Corp.,xhkg:01829
01830:xhkg,Perfect Shape (PRC) Holdings Ltd,xhkg:01830
01831:xhkg,Shifang Holding Ltd,xhkg:01831
01836:xhkg,Stella International Holdings Ltd,xhkg:01836
01838:xhkg,China Properties Group Ltd,xhkg:01838
01848:xhkg,China Aircraft Leasing Group Holdings Ltd,xhkg:01848
01858:xhkg,Beijing Chunlizhengda Medical Instruments Co Ltd,xhkg:01858
01866:xhkg,China XLX Fertiliser Ltd,xhkg:01866
01868:xhkg,Neo-Neon Holdings Ltd,xhkg:01868
01878:xhkg,SouthGobi Resources Ltd,xhkg:01878
01881:xhkg,Regal Real Estate Investment Trust,xhkg:01881
01882:xhkg,Haitian International Holdings Ltd,xhkg:01882
01883:xhkg,CITIC Telecom Intl Holdings Ltd,xhkg:01883
01885:xhkg,China Wood Optimization (Holding) Ltd,xhkg:01885
01886:xhkg,China Huiyuan Juice Group Ltd,xhkg:01886
01888:xhkg,Kingboard Laminates Holdings Ltd,xhkg:01888
01889:xhkg,Sanai Health Industry Group Co. Ltd,xhkg:01889
01893:xhkg,China National Materials Co. Ltd,xhkg:01893
01898:xhkg,China Coal Energy Co. Ltd,xhkg:01898
01899:xhkg,Xingda International Holdings Ltd,xhkg:01899
01908:xhkg,C&D International Investment Group Ltd,xhkg:01908
01910:xhkg,Samsonite International SA,xhkg:01910
01913:xhkg,Prada SpA,xhkg:01913
01918:xhkg,Sunac China Holdings Ltd,xhkg:01918
01919:xhkg,COSCO Shipping Holdings Co. Ltd,xhkg:01919
01928:xhkg,Sands China Ltd,xhkg:01928
01929:xhkg,Chow Tai Fook Jewellery Group Ltd,xhkg:01929
01938:xhkg,Chu Kong Petroleum and Natural Gas Steel Pipe,xhkg:01938
01958:xhkg,BAIC Motor Corporation Ltd,xhkg:01958
01963:xhkg,Bank of Chongqing Co Ltd,xhkg:01963
01966:xhkg,China SCE Property Holdings Ltd,xhkg:01966
01970:xhkg,IMAX China Holding Inc.,xhkg:01970
01972:xhkg,Swire Properties Ltd,xhkg:01972
01975:xhkg,Sun Hing Printing Holdings Ltd,xhkg:01975
01979:xhkg,Ten Pao Group Holdings Ltd,xhkg:01979
01980:xhkg,Tian Ge Interactive Holdings Ltd,xhkg:01980
01985:xhkg,Microware Group Ltd,xhkg:01985
01988:xhkg,China MinSheng Banking Corp.,xhkg:01988
01989:xhkg,Pine Care Group Ltd,xhkg:01989
01993:xhkg,Asiaray Media Group Ltd,xhkg:01993
01997:xhkg,Wharf Real Estate Investment Company Ltd,xhkg:01997
01999:xhkg,Man Wah Holdings Ltd,xhkg:01999
02000:xhkg,SIM Technology Group,xhkg:02000
02002:xhkg,China Sunshine Paper Holdings Co. Ltd,xhkg:02002
02005:xhkg,SSY Group Ltd,xhkg:02005
02006:xhkg,Shanghai Jin Jiang International Hotels(Group) Co.,xhkg:02006
02007:xhkg,Country Garden Holdings Co. Ltd,xhkg:02007
02008:xhkg,Phoenix Satellite Television Holdings Ltd,xhkg:02008
02009:xhkg,BBMG Corporation,xhkg:02009
02010:xhkg,Real Nutriceutical Group Ltd,xhkg:02010
02012:xhkg,Sunshine Oilsands Ltd,xhkg:02012
02014:xhkg,Ozner Water International Holding Ltd,xhkg:02014
02016:xhkg,China Zheshang Bank Co. Ltd,xhkg:02016
02018:xhkg,AAC Technologies Holdings Inc.,xhkg:02018
02020:xhkg,Anta Sports Products Ltd,xhkg:02020
02028:xhkg,Jolimark Holdings Ltd,xhkg:02028
02030:xhkg,Cabbeen Fashion Ltd,xhkg:02030
02031:xhkg,Ausupreme International Holdings Ltd,xhkg:02031
02033:xhkg,Time Watch Investments Ltd,xhkg:02033
02038:xhkg,FIH Mobile Ltd,xhkg:02038
02039:xhkg,China International Marine Containers Group Ltd,xhkg:02039
02068:xhkg,China Aluminum International Engineering Corp.,xhkg:02068
02083:xhkg,Nature Home Holding Company Ltd,xhkg:02083
02088:xhkg,Xiwang Property Holdings Co Ltd,xhkg:02088
02098:xhkg,Zall Group Ltd,xhkg:02098
02099:xhkg,China Gold International Resources Corp Ltd,xhkg:02099
02100:xhkg,BAIOO Family Interactive Ltd,xhkg:02100
02111:xhkg,Best Pacific International Holdings Ltd,xhkg:02111
02113:xhkg,CHerish Holdings Ltd,xhkg:02113
02122:xhkg,Kidsland International Holdings Ltd,xhkg:02122
02128:xhkg,China Lesso Group Holdings Ltd,xhkg:02128
02133:xhkg,China Polymetallic Mining Ltd,xhkg:02133
02136:xhkg,Lifestyle China Group Ltd,xhkg:02136
02138:xhkg,Union Medical Healthcare Ltd,xhkg:02138
02166:xhkg,Smart-Core Holdings Ltd,xhkg:02166
02178:xhkg,Petro-king Oilfield Services Ltd,xhkg:02178
02183:xhkg,Sansheng Holdings (Group) Co. Ltd,xhkg:02183
02186:xhkg,Luye Pharma Group Ltd,xhkg:02186
02188:xhkg,China Titans Energy Technology Group Co Ltd,xhkg:02188
02196:xhkg,Shanghai Fosun Pharmaceutical (Group) Co Ltd,xhkg:02196
02198:xhkg,China Sanjiang Fine Chemicals Co Ltd,xhkg:02198
02199:xhkg,Regina Miracle International (Holdings) Ltd,xhkg:02199
02200:xhkg,Hosa International Ltd,xhkg:02200
02202:xhkg,China Vanke Co Ltd,xhkg:02202
02208:xhkg,Xinjiang Goldwind Science and Technology Co. Ltd,xhkg:02208
02211:xhkg,Universal Health International Group Holding Ltd,xhkg:02211
02213:xhkg,Yi Hua Holdings Ltd,xhkg:02213
02221:xhkg,New Concepts Holdings Ltd,xhkg:02221
02222:xhkg,NVC Lighting Holding,xhkg:02222
02226:xhkg,Honworld Group Ltd,xhkg:02226
2229:xhkg,Changgang Dunxin Enterprise Company Ltd,xhkg:2229
02233:xhkg,West China Cement Ltd,xhkg:02233
02238:xhkg,Guangzhou Automobile Group Ltd,xhkg:02238
02239:xhkg,SMIT Holdings Ltd,xhkg:02239
02266:xhkg,Lai Si Enterprise Holding Ltd,xhkg:02266
02268:xhkg,Youyuan International Holdings Ltd,xhkg:02268
02269:xhkg,WuXi Biologics (Cayman) Inc.,xhkg:02269
02278:xhkg,Hailan Holdings Ltd,xhkg:02278
02280:xhkg,HC International Inc.,xhkg:02280
02281:xhkg,Luzhou Xinglu Water (Group) Co Ltd,xhkg:02281
02282:xhkg,MGM China Holdings Ltd,xhkg:02282
02283:xhkg,TK Group (Holdings) Ltd,xhkg:02283
02286:xhkg,Chen Xing Development Holdings Ltd,xhkg:02286
02288:xhkg,Rykadan Capital Ltd,xhkg:02288
02298:xhkg,Cosmo Lady (China) Holdings Co. Ltd,xhkg:02298
02300:xhkg,AMVIG Holdings Ltd,xhkg:02300
02302:xhkg,CNNC Intl Ltd,xhkg:02302
02303:xhkg,Hengxing Gold Holding Company Ltd,xhkg:02303
02308:xhkg,EVOC Intelligent Technology Co. Ltd,xhkg:02308
02309:xhkg,Birmingham Sports Holdings Ltd,xhkg:02309
02313:xhkg,Shenzhou International Group Holdings Ltd,xhkg:02313
02314:xhkg,Lee & Man Paper Manufacturing Ltd,xhkg:02314
02317:xhkg,Vedan International (Holdings) Ltd,xhkg:02317
02318:xhkg,Ping An Insurance (Group) Co. of China Ltd,xhkg:02318
02319:xhkg,China Mengniu Dairy Co. Ltd,xhkg:02319
02323:xhkg,China HKBridge Holdings Ltd,xhkg:02323
02324:xhkg,Capital VC Ltd,xhkg:02324
02326:xhkg,New Provenance Everlasting Holdings Ltd,xhkg:02326
02328:xhkg,PICC Property and Casualty Co. Ltd,xhkg:02328
02331:xhkg,Li Ning Co. Ltd,xhkg:02331
02333:xhkg,Great Wall Motor Co. Ltd,xhkg:02333
02338:xhkg,Weichai Power Co. Ltd,xhkg:02338
02339:xhkg,BeijingWest Industries International Ltd,xhkg:02339
02340:xhkg,Synergis Holdings Ltd,xhkg:02340
02341:xhkg,EcoGreen Intl Group Ltd,xhkg:02341
02342:xhkg,Comba Telecom Systems Holdings Ltd,xhkg:02342
02343:xhkg,Pacific Basin Shipping Ltd,xhkg:02343
02345:xhkg,Shanghai Prime Machinery Co. Ltd,xhkg:02345
02348:xhkg,Dawnrays Pharmaceutical Holdings Ltd,xhkg:02348
02355:xhkg,Baoye Group Co. Ltd - H Shares,xhkg:02355
02356:xhkg,Dah Sing Banking Group Ltd,xhkg:02356
02357:xhkg,AviChina Industry & Technology Co. Ltd,xhkg:02357
02362:xhkg,Jinchuan Group International Resources Co. Ltd,xhkg:02362
02368:xhkg,Eagle Nice (International),xhkg:02368
02369:xhkg,Coolpad Group Ltd,xhkg:02369
02371:xhkg,China Chuanglian Education Financial Group Ltd,xhkg:02371
02380:xhkg,China Power International Development Ltd,xhkg:02380
02382:xhkg,Sunny Optical Technology (Group) Co. Ltd,xhkg:02382
02386:xhkg,SINOPEC Engineering (Group) Co Ltd,xhkg:02386
02388:xhkg,BOC Hong Kong (Holdings) Ltd,xhkg:02388
02389:xhkg,Beijing Enterprises Medical&Health Industry Grp,xhkg:02389
02393:xhkg,Yestar Healthcare Holdings Co Ltd,xhkg:02393
02399:xhkg,China Fordoo Holdings Ltd,xhkg:02399
02468:xhkg,Trony Solar Holdings,xhkg:02468
02488:xhkg,Launch Tech Co Ltd,xhkg:02488
02588:xhkg,BOC Aviation Ltd,xhkg:02588
02600:xhkg,Aluminum Corporation of China Ltd,xhkg:02600
02601:xhkg,China Pacific Insurance (Group) Co. Ltd,xhkg:02601
02607:xhkg,Shanghai Pharmaceuticals Holding Co Ltd,xhkg:02607
02628:xhkg,China Life Insurance Co. Ltd,xhkg:02628
02633:xhkg,Jacobson Pharma Corp. Ltd,xhkg:02633
02638:xhkg,HK Electric Investments Ltd,xhkg:02638
02666:xhkg,Universal Medical Financial & Technical Advisory S,xhkg:02666
02669:xhkg,China Overseas Property Holdings Ltd,xhkg:02669
02678:xhkg,Texhong Textile Group Ltd,xhkg:02678
02686:xhkg,AAG Energy Holdings Ltd,xhkg:02686
02688:xhkg,ENN Energy Holdings Ltd,xhkg:02688
02689:xhkg,Nine Dragons Paper Holdings Ltd,xhkg:02689
02698:xhkg,Weiqiao Textile Company Ltd,xhkg:02698
02722:xhkg,Chongqing Machinery & Electric Co. Ltd,xhkg:02722
02727:xhkg,Shanghai Electric Group Co. Ltd,xhkg:02727
02728:xhkg,Yuhua Energy Holdings Ltd,xhkg:02728
02777:xhkg,Guangzhou R&F Properties Co. Ltd,xhkg:02777
02778:xhkg,Champion Real Estate Investment Trust,xhkg:02778
02788:xhkg,Yorkey Optical International (Cayman) Ltd,xhkg:02788
02789:xhkg,Yuanda China Holdings Ltd,xhkg:02789
02799:xhkg,China Huarong Asset Management Co Ltd,xhkg:02799
02866:xhkg,COSCO Shipping Development Co. Ltd,xhkg:02866
02877:xhkg,China Shineway Pharmaceutical Group Ltd,xhkg:02877
02878:xhkg,Solomon Systech (Intl) Ltd,xhkg:02878
02880:xhkg,Dalian Port (PDA) Company Ltd,xhkg:02880
02882:xhkg,Hong Kong Resources Holdings Company Ltd,xhkg:02882
02883:xhkg,China Oilfield Services Ltd,xhkg:02883
02888:xhkg,Standard Chartered Plc,xhkg:02888
02889:xhkg,Nickel Resources International Holdings Co Ltd,xhkg:02889
02899:xhkg,Zijin Mining Group Co. Ltd,xhkg:02899
03303:xhkg,Jutal Offshore Oil Services Ltd,xhkg:03303
03306:xhkg,JNBY Design Ltd,xhkg:03306
03308:xhkg,Golden Eagle Retail Group Ltd,xhkg:03308
03311:xhkg,China State Construction Int'l Holdings,xhkg:03311
03315:xhkg,Goldpac Group Ltd,xhkg:03315
03320:xhkg,China Resources Pharmaceutical Group Ltd,xhkg:03320
03322:xhkg,Win Hanverky Holdings Ltd,xhkg:03322
03323:xhkg,China National Building Material Co. Ltd,xhkg:03323
03328:xhkg,Bank of Communications Co.,xhkg:03328
03330:xhkg,Lingbao Gold Co. Ltd,xhkg:03330
03331:xhkg,Vinda International Holdings Ltd,xhkg:03331
03332:xhkg,Nanjing Sinolife United Company Ltd,xhkg:03332
03333:xhkg,Evergrande Real Estate Group Ltd,xhkg:03333
03336:xhkg,Ju Teng International Holdings Ltd,xhkg:03336
03337:xhkg,Anton Oilfield Services Group,xhkg:03337
03339:xhkg,Lonking Holdings Ltd,xhkg:03339
03344:xhkg,Addchance Holdings Ltd,xhkg:03344
03358:xhkg,Bestway Global Holding Inc.,xhkg:03358
03360:xhkg,Far East Horizon Ltd,xhkg:03360
03368:xhkg,Parkson Retail Group Ltd,xhkg:03368
03369:xhkg,Qinhuangdao Port Co. Ltd,xhkg:03369
03377:xhkg,Sino-Ocean Group Holding Ltd,xhkg:03377
03378:xhkg,Xiamen International Port Company Ltd,xhkg:03378
03380:xhkg,Logan Property Holdings Co Ltd,xhkg:03380
03382:xhkg,Tianjin Port Development Holdings Ltd,xhkg:03382
03383:xhkg,Agile Group Holdings Ltd,xhkg:03383
03389:xhkg,Hengdeli,xhkg:03389
03393:xhkg,Wasion Group Ltd,xhkg:03393
03395:xhkg,Persta Resources Inc.,xhkg:03395
03396:xhkg,Legend Holdings Ltd,xhkg:03396
03399:xhkg,Guangdong Yueyun Transportation Co Ltd,xhkg:03399
03606:xhkg,Fuyao Glass Industry Group Co Ltd,xhkg:03606
03618:xhkg,Chongqing Rural Commercial Bank Co Ltd,xhkg:03618
03626:xhkg,Hang Sang (Siu Po) International Holding Co Ltd,xhkg:03626
03636:xhkg,Poly Culture Group Corporation Ltd,xhkg:03636
03638:xhkg,Huabang Financial Holdings Ltd,xhkg:03638
03666:xhkg,Tansh Global Food Group Co. Ltd,xhkg:03666
03669:xhkg,China Yongda Automobiles Services Hldgs Ltd,xhkg:03669
03686:xhkg,Clifford Modern Living Holdings Ltd,xhkg:03686
03689:xhkg,Guangdong Kanghua Healthcare Co. Ltd,xhkg:03689
03698:xhkg,Huishang Bank Corporation Ltd,xhkg:03698
03708:xhkg,Yat Sing Holdings Ltd,xhkg:03708
03709:xhkg,Koradior Holdings Ltd,xhkg:03709
03728:xhkg,Ching Lee Hldgs Ltd,xhkg:03728
03777:xhkg,China Fiber Optic Network System Grp,xhkg:03777
03788:xhkg,China Hanking Holdings Ltd,xhkg:03788
03799:xhkg,Dali Foods Group Co Ltd,xhkg:03799
03800:xhkg,GCL-Poly Energy Holdings Ltd,xhkg:03800
03808:xhkg,Sinotruk (Hong Kong) Ltd,xhkg:03808
03813:xhkg,Pou Sheng International (Holdings) Ltd,xhkg:03813
03818:xhkg,China Dongxiang Group Co. Ltd,xhkg:03818
03822:xhkg,Sam Woo Construction Group Ltd,xhkg:03822
03823:xhkg,Tech Pro Technology Development Ltd,xhkg:03823
03828:xhkg,Ming Fai International Holdings Ltd,xhkg:03828
03833:xhkg,Xinjiang Xinxin Mining Industry Co. Ltd,xhkg:03833
03836:xhkg,China Harmony Auto Holding Ltd,xhkg:03836
03838:xhkg,China Starch Holdings Ltd,xhkg:03838
03839:xhkg,Chia Tai Enterprises International Ltd,xhkg:03839
03869:xhkg,Hospital Corporation of China Ltd,xhkg:03869
03883:xhkg,China Aoyuan Property Group Ltd,xhkg:03883
03886:xhkg,Town Health International Medical Group Ltd,xhkg:03886
03888:xhkg,Kingsoft Corporation Ltd,xhkg:03888
03889:xhkg,Global Sweeteners Holdings Ltd,xhkg:03889
03893:xhkg,Crosstec Group Holdings Ltd,xhkg:03893
03898:xhkg,Zhuzhou CRRC Times Electric Co. Ltd - H Shares,xhkg:03898
03899:xhkg,CIMC Enric Holdings Ltd,xhkg:03899
03900:xhkg,Greentown China Holdings Ltd,xhkg:03900
03908:xhkg,China International Capital Corporation Ltd,xhkg:03908
03918:xhkg,NagaCorp Ltd,xhkg:03918
03919:xhkg,Golden Power Group Holdings Ltd,xhkg:03919
03933:xhkg,The United Laboratories International Holdings Ltd,xhkg:03933
03948:xhkg,Inner Mongolia Yitai Coal Co Ltd,xhkg:03948
03958:xhkg,Orient Securities Co. Ltd,xhkg:03958
03968:xhkg,China Merchants Bank Co. Ltd,xhkg:03968
03969:xhkg,China Railway Signal & Communication Corp Ltd,xhkg:03969
03983:xhkg,China BlueChemical Ltd,xhkg:03983
03988:xhkg,Bank of China Ltd,xhkg:03988
03989:xhkg,Capital Environmemt Holdings Ltd,xhkg:03989
03993:xhkg,China Molybdenum Co. Ltd,xhkg:03993
03996:xhkg,China Energy Engineering Corporation Ltd,xhkg:03996
03998:xhkg,Bosideng International Holdings Ltd,xhkg:03998
06030:xhkg,CITIC Securities Co Ltd,xhkg:06030
06033:xhkg,Telecom Digital Holdings Ltd,xhkg:06033
06060:xhkg,Zhongan Online P&C Insurance Co. Ltd,xhkg:06060
06066:xhkg,CSC Financial Co. Ltd - H Shares,xhkg:06066
06068:xhkg,Wisdom Education International Holdings Co. Ltd,xhkg:06068
06099:xhkg,China Merchants Securities Co Ltd,xhkg:06099
06116:xhkg,Shanghai La Chapelle Fashion Co Ltd - H Shares,xhkg:06116
06118:xhkg,Austar Lifesciences Ltd,xhkg:06118
06123:xhkg,On Time Logistics Holdings Ltd,xhkg:06123
06133:xhkg,Vital Mobile Holdings Ltd,xhkg:06133
06136:xhkg,Kangda International Environmental Co Ltd,xhkg:06136
06138:xhkg,Harbin Bank Co Ltd,xhkg:06138
06139:xhkg,Jinmao Hotel and Jinmao (Ch) Htl Inv and Mngt Ltd,xhkg:06139
06169:xhkg,China YuHua Education Corp. Ltd,xhkg:06169
06183:xhkg,China Greenfresh Group Co Ltd,xhkg:06183
06188:xhkg,Beijing Digital Telecom Co Ltd,xhkg:06188
06198:xhkg,Qingdao Port International Co Ltd,xhkg:06198
06288:xhkg,Fast Retailing Co Ltd,xhkg:06288
00653:xhkg,Bonjour Holdings Ltd,xhkg:00653
06808:xhkg,Sun Art Retail Group Ltd,xhkg:06808
06818:xhkg,China Everbright Bank Co Ltd,xhkg:06818
06823:xhkg,HKT Ltd,xhkg:06823
06828:xhkg,Beijing Gas Blue Sky Holdings Ltd,xhkg:06828
06836:xhkg,Tianyun International Holdings Ltd,xhkg:06836
06837:xhkg,Haitong Securities Co Ltd,xhkg:06837
06838:xhkg,Winox Holdings Ltd,xhkg:06838
06839:xhkg,Yunnan Water Investment Co Ltd,xhkg:06839
06858:xhkg,Honma Golf Ltd,xhkg:06858
06863:xhkg,China Huishan Dairy Holdings Co Ltd,xhkg:06863
06865:xhkg,Flat Glass Group Co Ltd,xhkg:06865
06869:xhkg,Yangtze Optical Fibre & Cable Joint Stock Ltd Co.,xhkg:06869
06882:xhkg,EGL Holdings Co Ltd,xhkg:06882
06886:xhkg,Huatai Securities Co Ltd,xhkg:06886
06889:xhkg,Dynam Japan Holdings Co Ltd,xhkg:06889
06893:xhkg,Hin Sang Group (Intl) Holding Co Ltd,xhkg:06893
06898:xhkg,China Aluminum Cans Holdings Ltd,xhkg:06898
6899:xhkg,Ourgame International Holdings Ltd,xhkg:6899
00702:xhkg,Sino Oil and Gas Holdings Ltd,xhkg:00702
00750:xhkg,China Singyes Solar Techies Holdings Ltd,xhkg:00750
08003:xhkg,Great World Company Holdings Ltd,xhkg:08003
08006:xhkg,Sino Splendid Holdings Ltd,xhkg:08006
08007:xhkg,Global Strategic Group Ltd,xhkg:08007
08008:xhkg,Sunevision Holdings Ltd,xhkg:08008
08018:xhkg,Finsoft Financial Investment Holdings Ltd,xhkg:08018
08019:xhkg,Hao Wen Holdings Ltd,xhkg:08019
08021:xhkg,WLS Holdings Ltd,xhkg:08021
08030:xhkg,Flying Financial Service Holding Ltd,xhkg:08030
08032:xhkg,Viva China Holdings Ltd,xhkg:08032
08045:xhkg,Jiangsu NandaSoft Technology Co Ltd,xhkg:08045
08049:xhkg,Jilin Province Huinan Changlong Bio-pharm,xhkg:08049
08052:xhkg,Luk Hing Entertainment Group Holdings Ltd,xhkg:08052
08056:xhkg,Dining Concepts Holdings Ltd,xhkg:08056
08057:xhkg,Madison Holdings Group Ltd,xhkg:08057
00806:xhkg,Value Partners Group Ltd,xhkg:00806
08071:xhkg,China Netcom Technology Holdings Ltd,xhkg:08071
08072:xhkg,Roma Group Ltd - NOCT,xhkg:08072
08073:xhkg,China Singyes New Materials Holdings Ltd,xhkg:08073
08075:xhkg,Media Asia Group Holdings Ltd,xhkg:08075
08076:xhkg,Sing Lee Software (Group) Ltd,xhkg:08076
08077:xhkg,KVB Kunlun Financial Group Ltd,xhkg:08077
08078:xhkg,HMV Digital China Group Ltd,xhkg:08078
08083:xhkg,China Innovationpay Group Ltd,xhkg:08083
08085:xhkg,Hong Kong Life Sciences and Technologies,xhkg:08085
08086:xhkg,DX.com Holdings Ltd,xhkg:08086
08087:xhkg,China 33 Media Group Ltd,xhkg:08087
08088:xhkg,AID Partners Technology Holdings Ltd,xhkg:08088
00809:xhkg,Global Bio-chem Technology Group Co. Ltd,xhkg:00809
08090:xhkg,China Assurance Finance Group Ltd,xhkg:08090
08095:xhkg,Beijing Beida Jade Bird Universal SciTech,xhkg:08095
08098:xhkg,CL Group (Holdings) Ltd,xhkg:08098
08100:xhkg,GET Holdings Ltd,xhkg:08100
08108:xhkg,Grand Peace Group Holdings Ltd,xhkg:08108
08109:xhkg,Kirin Group Holdings Ltd,xhkg:08109
08112:xhkg,Focus Media Network Ltd,xhkg:08112
08123:xhkg,Sinofortune Financial Holdings Ltd,xhkg:08123
08128:xhkg,China Ground Source Energy Industry Group Ltd,xhkg:08128
08132:xhkg,China Oil Gangran Energy Group Holdings Ltd,xhkg:08132
08137:xhkg,Honbridge Holdings Ltd,xhkg:08137
08138:xhkg,Beijing Tong Ren Tang Chinese Medicine Co Ltd,xhkg:08138
08143:xhkg,Hua Xia Healthcare Holdings Ltd,xhkg:08143
08148:xhkg,Aurum Pacific (China) Group Ltd,xhkg:08148
08150:xhkg,Seamless Green China (Holdings) Ltd,xhkg:08150
08156:xhkg,China Vanguard You Champion Holdings Ltd,xhkg:08156
08158:xhkg,China Regenerative Medicine Intl Ltd,xhkg:08158
08171:xhkg,China Trends Holdings Ltd,xhkg:08171
08173:xhkg,Union Asia Enterprise Holdings Ltd - NOCT,xhkg:08173
08178:xhkg,China Information Technology Development Ltd,xhkg:08178
08179:xhkg,Food Idea Holdings Ltd,xhkg:08179
08187:xhkg,Ever Smart International Holdings Ltd,xhkg:08187
08189:xhkg,Tianjin TEDA Biomedical Engineering Co Ltd,xhkg:08189
08192:xhkg,Global Energy Resources Intl Group Ltd,xhkg:08192
08195:xhkg,L & A International Holdings Ltd,xhkg:08195
08198:xhkg,Loto Interactive Ltd,xhkg:08198
08199:xhkg,China Wan Tong Yuan (Holdings) Ltd,xhkg:08199
08201:xhkg,PPS International Holdings Ltd,xhkg:08201
08207:xhkg,Chong Sing Holdings FinTech Group Ltd,xhkg:08207
08212:xhkg,Celebrate Intl Holdings Ltd,xhkg:08212
08237:xhkg,Link Holdings Ltd,xhkg:08237
08255:xhkg,China Binary Sale Technology Ltd,xhkg:08255
08257:xhkg,Genes Tech Group Holdings Co. Ltd,xhkg:08257
08267:xhkg,Linekong Interactive Group Co Ltd,xhkg:08267
08279:xhkg,AGTech Holdings Ltd,xhkg:08279
08280:xhkg,China Digital Video Holdings Ltd,xhkg:08280
08295:xhkg,ZZ Capital International Ltd,xhkg:08295
08307:xhkg,Medicskin Holdings Ltd,xhkg:08307
08326:xhkg,Tonking New Energy Group Holdings Ltd,xhkg:08326
08328:xhkg,Xinyi Automobile Glass Hong Kong Enterprises Ltd,xhkg:08328
08337:xhkg,Directel Holdings Ltd,xhkg:08337
08342:xhkg,Vixtel Technologies Holdings Ltd,xhkg:08342
08356:xhkg,CNC Holdings Ltd,xhkg:08356
08359:xhkg,Hypebeast Ltd,xhkg:08359
08368:xhkg,Creative China Holdings Ltd,xhkg:08368
08376:xhkg,Fineland Real Estate Services Group Ltd,xhkg:08376
08383:xhkg,Linocraft Holdings Ltd,xhkg:08383
08411:xhkg,K W Nelson Interior Design and Contract Group Ltd,xhkg:08411
08412:xhkg,BCI Group Holdings Ltd,xhkg:08412
08432:xhkg,Bar Pacific Group Holdings Ltd,xhkg:08432
08436:xhkg,Takbo Group Holdings Ltd,xhkg:08436
08463:xhkg,Tomo Holdings Ltd,xhkg:08463
1157:xhkg,Changsha Zoomlion Heavy Ind. S&T Dev Co Ltd,xhkg:1157
1300:xhkg,Trigiant Group Ltd,xhkg:1300
2868:xhkg,Beijing Capital Land Ltd,xhkg:2868
760:xhkg,Tomorrow International Holdings Ltd,xhkg:760
8325:xhkg,China Smartpay Group Holdings Ltd,xhkg:8325
