,Name,Category Name,,Ticker
AST.MI,Astaldi S.p.A.,General Contractors,AST,xmil:AST
AE.MI,Aedes SIIQ S.p.A.,Real Estate Development,AE,xmil:AE
A2A.MI,A2A S.p.A.,Diversified Utilities,A2A,xmil:A2A
BMPS.MI,Banca Monte dei Paschi di Siena S.p.A.,,BMPS,xmil:BMPS
UBI.MI,Unione di Banche Italiane S.p.A.,Money Center Banks,UBI,xmil:UBI
PMI.MI,Banca Popolare di Milano Scarl,,PMI,xmil:PMI
BZU.MI,Buzzi Unicem SpA,General Building Materials,BZU,xmil:BZU
EOAN.MI,E.ON SE,Diversified Utilities,EOAN,xmil:EOAN
DNN.MI,Danone,Food - Major Diversified,DNN,xmil:DNN
DMN.MI,Damiani S.p.A.,Jewelry Stores,DMN,xmil:DMN
DAL.MI,Datalogic S.p.A.,Diversified Electronics,DAL,xmil:DAL
SPO.MI,BCA POP DI SPOLETO,,SPO,xmil:SPO
SIE.MI,Siemens Aktiengesellschaft,Diversified Machinery,SIE,xmil:SIE
SAP.MI,SAP SE,Technical & System Software,SAP,xmil:SAP
DBK.MI,Deutsche Bank Aktiengesellschaft,Money Center Banks,DBK,xmil:DBK
DAI.MI,Daimler AG,Auto Manufacturers - Major,DAI,xmil:DAI
CPR.MI,Davide Campari-Milano S.p.A.,Beverages - Wineries & Distillers,CPR,xmil:CPR
BPSO.MI,Banca Popolare di Sondrio S.C.p.A.,Money Center Banks,BPSO,xmil:BPSO
BIM.MI,Banca Intermobiliare di Investimenti e Gestioni SpA,Money Center Banks,BIM,xmil:BIM
ALV.MI,Allianz SE,Property & Casualty Insurance,ALV,xmil:ALV
TAS.MI,TAS Tecnologia Avanzata dei Sistemi S.p.A.,Business Software & Services,TAS,xmil:TAS
MUV2.MI,Münchener Rückversicherungs-Gesellschaft Aktiengesellschaft,Property & Casualty Insurance,MUV2,xmil:MUV2
LD.MI,La Doria SpA,Food - Major Diversified,LD,xmil:LD
ENEL.MI,Enel SpA,Diversified Utilities,ENEL,xmil:ENEL
MN.MI,Arnoldo Mondadori Editore S.p.A.,Publishing - Newspapers,MN,xmil:MN
EXO.MI,Exor N.V.,Asset Management,EXO,xmil:EXO
CED.MI,Caltagirone Editore SpA,Publishing - Newspapers,CED,xmil:CED
BPE.MI,BPER Banca S.p.A.,Money Center Banks,BPE,xmil:BPE
PRT.MI,Esprinet S.p.A.,Electronics Wholesale,PRT,xmil:PRT
FILA.MI,F.I.L.A. - Fabbrica Italiana Lapis ed Affini S.p.A.,Business Equipment,FILA,xmil:FILA
FDE.MI,Frendy Energy S.p.A.,Diversified Utilities,FDE,xmil:FDE
EUK.MI,EuKedos S.p.A.,Medical Appliances & Equipment,EUK,xmil:EUK
ERG.MI,ERG S.p.A.,Major Integrated Oil & Gas,ERG,xmil:ERG
ENI.MI,Eni S.p.A.,Major Integrated Oil & Gas,ENI,xmil:ENI
EGPW.MI,Enel Green Power S.p.A.,,EGPW,xmil:EGPW
VITA.MI,Vita Società Editoriale S.p.A.,,VITA,xmil:VITA
TOT.MI,TOTAL S.A.,Major Integrated Oil & Gas,TOT,xmil:TOT
FNC.MI,Leonardo - Finmeccanica S.p.a.,,FNC,xmil:LDO
VIV.MI,Vivendi SA,Broadcasting - TV,VIV,xmil:VIV
MTF.MI,Mondo Tv France Société Anonyme,Entertainment - Diversified,MTF,xmil:MTF
JUVE.MI,Juventus Football Club S.p.A.,"Recreational Goods, Other",JUVE,xmil:JUVE
FDA.MI,Fidia S.p.A.,Diversified Machinery,FDA,xmil:FDA
ALU.MI,Alcatel-Lucent,,ALU,xmil:ALU
G.MI,Assicurazioni Generali S.p.A.,Property & Casualty Insurance,G,xmil:G
LUX.MI,Luxottica Group S.p.A.,Apparel Stores,LUX,xmil:LUX
GSP.MI,Gas Plus S.p.A.,Gas Utilities,GSP,xmil:GSP
NRST.MI,Neurosoft Software Production S.A.,Business Software & Services,NRST,xmil:NRST
HER.MI,Hera S.p.A.,Diversified Utilities,HER,xmil:HER
CEM.MI,Cementir Holding S.p.A.,General Building Materials,CEM,xmil:CEM
ANIM.MI,Anima Holding S.p.A,Asset Management,ANIM,xmil:ANIM
KI.MI,Ki Group S.p.A.,Farm Products,KI,xmil:KI
MSK.MI,Moleskine SpA,,MSK,xmil:MSK
MB.MI,Mediobanca Banca di Credito Finanziario S.p.A.,Money Center Banks,MB,xmil:MB
RCS.MI,RCS MediaGroup S.p.A.,Publishing - Newspapers,RCS,xmil:RCS
MT.MI,Maire Tecnimont S.p.A.,General Contractors,MT,xmil:MT
MARR.MI,MARR S.p.A.,Food Wholesale,MARR,xmil:MARR
MONC.MI,Moncler S.p.A.,Textile - Apparel Clothing,MONC,xmil:MONC
MOL.MI,Gruppo MutuiOnline S.p.A,Business Services,MOL,xmil:MOL
M7IT.MI,MP7 Italia S.p.A.,,M7IT,xmil:M7IT
CNHI.MI,CNH Industrial N.V.,Farm & Construction Machinery,CNHI,xmil:CNHI
NICE.MI,Nice S.p.A.,Electronic Equipment,NICE,xmil:NICE
STM.MI,STMicroelectronics N.V.,Semiconductor - Broad Line,STM,xmil:STM
PHIA.MI,Koninklijke Philips N.V.,Diversified Machinery,PHIA,xmil:PHIA
NET.MI,Net Insurance S.p.A.,Property & Casualty Insurance,NET,xmil:NET
RACE.MI,Ferrari N.V.,,RACE,xmil:RACE
NR.MI,Nova Re SIIQ S.p.A.,Real Estate Development,NR,xmil:NR
S24.MI,Il Sole 24 ORE S.p.A.,Publishing - Newspapers,S24,xmil:S24
ORA.MI,Orange S.A.,,ORA,xmil:ORA
ON.MI,Bio-on S.p.A.,Specialty Chemicals,ON,xmil:ON
DANR.MI,Danieli & C. Officine Meccaniche S.p.A.,Diversified Machinery,DANR,xmil:DANR
PRY.MI,Prysmian S.p.A.,Communication Equipment,PRY,xmil:PRY
POPR.MI,Poligrafici Printing S.p.A.,Publishing - Newspapers,POPR,xmil:POPR
PLT.MI,Parmalat S.p.A.,Food Wholesale,PLT,xmil:PLT
PC.MI,PIRELLI & C. SocietÃ per Azioni,,PC,xmil:PC
REY.MI,Reply S.p.A.,Information Technology Services,REY,xmil:REY
TITR.MI,Telecom Italia S.p.A.,Wireless Communications,TITR,xmil:TITR
REC.MI,Recordati S.p.A.,Drug Manufacturers - Major,REC,xmil:REC
LR.MI,Landi Renzo S.p.A.,Auto Parts,LR,xmil:LR
BSRP.MI,Banco di Sardegna S.p.A.,Money Center Banks,BSRP,xmil:BSRP
STEFR.MI,Stefanel S.p.A.,Textile - Apparel Clothing,STEFR,xmil:STEFR
UCG.MI,UniCredit S.p.A.,Money Center Banks,UCG,xmil:UCG
YSFT.MI,Softec S.p.A.,Technical & System Software,YSFT,xmil:YSFT
SRS.MI,Saras S.p.A.,Oil & Gas Refining & Marketing,SRS,xmil:SRS
TOD.MI,TOD'S S.p.A.,Textile - Apparel Footwear & Accessories,TOD,xmil:TOD
BZUR.MI,Buzzi Unicem SpA,General Building Materials,BZUR,xmil:BZUR
USRA.MI,UnipolSai Assicurazioni S.p.A.,,USRA,xmil:USRA
UNI.MI,Unipol Gruppo Finanziario S.p.A.,Property & Casualty Insurance,UNI,xmil:UNI
UCGR.MI,UniCredit S.p.A.,Money Center Banks,UCGR,xmil:UCGR
CTIC.MI,CTI BioPharma Corp.,Biotechnology,CTIC,xmil:CTIC
ZV.MI,Zignago Vetro S.p.A.,Packaging & Containers,ZV,xmil:ZV
VAS.MI,Vittoria Assicurazioni S.p.A.,Property & Casualty Insurance,VAS,xmil:VAS
TV.MI,Tech-Value S.p.A.,Information Technology Services,TV,xmil:TV
YVI.MI,Valore Italia Holding di Partecipazioni S.p.A.,,YVI,xmil:YVI
VE.MI,Visibilia Editore S.p.a.,,VE,xmil:VE
WMC.MI,WM Capital S.p.A.,Business Services,WMC,xmil:WMC
INW.MI,Infrastrutture Wireless Italiane S.p.A.,General Contractors,INW,xmil:INW
BMW.MI,Bayerische Motoren Werke Aktiengesellschaft,Auto Manufacturers - Major,BMW,xmil:BMW
XPR.MI,Exprivia S.p.A.,Information Technology Services,XPR,xmil:XPR
YNAP.MI,YOOX Net-A-Porter Group S.p.A.,,YNAP,xmil:YNAP
YIV.MI,Imvest S.p.A.,Property Management,YIV,xmil:YIV
YRM.MI,Rosetti Marino SpA,General Contractors,YRM,xmil:YRM
YSF.MI,Soft Strategy S.p.A.,,YSF,xmil:YSF
ZUC.MI,Vincenzo Zucchi S.p.A.,Textile Industrial,ZUC,xmil:ZUC
ESCO.MI,Zephyro S.p.A.,,ESCO,xmil:ESCO
MZB.MI,Massimo Zanetti Beverage Group S.p.A.,Farm Products,MZB,xmil:MZB
ZUCR.MI,Vincenzo Zucchi S.p.A.,Textile Industrial,ZUCR,xmil:ZUCR
ACE.MI,ACEA S.p.A.,Diversified Utilities,ACE,xmil:ACE
ACS.MI,Acsm-Agam S.p.A.,Diversified Utilities,ACS,xmil:ACS
ACO.MI,Acotel Group SpA,Wireless Communications,ACO,xmil:ACO
ACA.MI,Credit Agricole S.A.,Money Center Banks,ACA,xmil:ACA
CDR.MI,Cdr Advance Capital S.p.A.,Asset Management,CDR,xmil:CDR
ADB.MI,Aeroporto Guglielmo Marconi di Bologna S.p.A.,Heavy Construction,ADB,xmil:ADB
AEF.MI,Aeffe S.p.A.,Textile - Apparel Clothing,AEF,xmil:AEF
AGN.MI,AEGON N.V.,Property & Casualty Insurance,AGN,xmil:AGN
TYA.MI,Toscana Aeroporti S.p.A.,,TYA,xmil:TYA
AGL.MI,Autogrill S.p.A.,Restaurants,AGL,xmil:AGL
A.MI,Agronomia S.p.A.,,A,xmil:A
AGS.MI,ageas SA/NV,Property & Casualty Insurance,AGS,xmil:AGS
ARE.MI,ARE.MI,,ARE,xmil:ARE
MASI.MI,Masi Agricola S.p.A.,Beverages - Wineries & Distillers,MASI,xmil:MASI
OJM.MI,Openjobmetis S.p.A.,Staffing & Outsourcing Services,OJM,xmil:OJM
ARN.MI,Alerion Clean Power S.p.A.,Electric Utilities,ARN,xmil:ARN
ALBA.MI,Alba S.p.A.,,ALBA,xmil:ALBA
AMP.MI,Amplifon SpA,Medical Instruments & Supplies,AMP,xmil:AMP
AMB.MI,Ambromobiliare S.p.A.,Business Services,AMB,xmil:AMB
ATH.MI,Ambienthesis S.p.A.,,ATH,xmil:ATH
STS.MI,Ansaldo STS S.p.A.,Railroads,STS,xmil:STS
ASSI.MI,Assiteca S.p.A.,Insurance Brokers,ASSI,xmil:ASSI
CASS.MI,Società Cattolica di Assicurazione - Società Cooperativa,Property & Casualty Insurance,CASS,xmil:CASS
ASR.MI,A.S. Roma S.P.A.,"Recreational Goods, Other",ASR,xmil:ASR
AT.MI,ASTM S.p.A.,General Contractors,AT,xmil:AT
ASC.MI,Ascopiave S.p.A.,Gas Utilities,ASC,xmil:ASC
ATL.MI,Atlantia S.p.A.,Heavy Construction,ATL,xmil:ATL
SIS.MI,Società Iniziative Autostradali e Servizi S.p.A.,Heavy Construction,SIS,xmil:SIS
FCA.MI,Fiat Chrysler Automobiles N.V.,Auto Manufacturers - Major,FCA,xmil:FCA
AXEL.MI,axélero S.p.A.,Marketing Services,AXEL,xmil:AXEL
AXA.MI,AXA SA,Property & Casualty Insurance,AXA,xmil:AXA
BOE.MI,Boero Bartolomeo SpA,Chemicals - Major Diversified,BOE,xmil:BOE
BMED.MI,Banca Mediolanum S.p.A.,Money Center Banks,BMED,xmil:BMED
PRO.MI,Banca Profilo S.p.A.,Money Center Banks,PRO,xmil:PRO
CRG.MI,Banca Carige S.p.A. - Cassa di Risparmio di Genova e Imperia,Money Center Banks,CRG,xmil:CRG
BGN.MI,Banca Generali S.p.A.,Money Center Banks,BGN,xmil:BGN
BASF.MI,BASF SE,Chemicals - Major Diversified,BASF,xmil:BASF
BAN.MI,BasicNet S.p.A.,Textile - Apparel Clothing,BAN,xmil:BAN
B.MI,Bastogi S.p.A.,Business Services,B,xmil:B
IF.MI,Banca IFIS S.p.A.,Money Center Banks,IF,xmil:IF
BDBR.MI,Banco di Desio e della Brianza S.p.A.,Money Center Banks,BDBR,xmil:BDBR
BDB.MI,Banco di Desio e della Brianza S.p.A.,Money Center Banks,BDB,xmil:BDB
BCM.MI,Biancamano S.p.A.,Waste Management,BCM,xmil:BCM
BC.MI,BRUNELLO CUCINELLI S.p.A.,Jewelry Stores,BC,xmil:BC
BNS.MI,Beni Stabili SIIQ S.p.A.,REIT - Diversified,BNS,xmil:BNS
BET.MI,"Be Think, Solve, Execute S.p.A.",Information Technology Services,BET,xmil:BET
BEC.MI,B&C Speakers S.p.A.,Electronic Equipment,BEC,xmil:BEC
BE.MI,Beghelli S.p.A.,Electronics Wholesale,BE,xmil:BE
BEST.MI,Best Union Company S.p.A.,"Recreational Goods, Other",BEST,xmil:BEST
BFE.MI,Banca Finnat Euramerica S.p.A.,Money Center Banks,BFE,xmil:BFE
BF.MI,Bonifiche Ferraresi S.p.A. Società Agricola,Farm Products,BF,xmil:BF
BSS.MI,Biesse S.p.A.,Diversified Machinery,BSS,xmil:BSS
BIE.MI,Bioera S.p.A.,Farm Products,BIE,xmil:BIE
BIA.MI,Bialetti Industrie S.p.A,Electronic Equipment,BIA,xmil:BIA
BIO2.MI,BioDue S.p.A.,Conglomerates,BIO2,xmil:BIO2
BLUE.MI,Blue Financial Communication S.p.A.,Publishing - Newspapers,BLUE,xmil:BLUE
BLZ.MI,Bolzoni SpA,,BLZ,xmil:BLZ
BM.MI,Bridge Management S.p.A.,,BM,xmil:BM
BO.MI,Borgosesia S.p.A.,Textile Industrial,BO,xmil:BO
BOMI.MI,Bomi Italia S.p.A.,Medical Equipment Wholesale,BOMI,xmil:BOMI
BOR.MI,Borgosesia S.p.A.,Textile Industrial,BOR,xmil:BOR
BRI.MI,Brioschi Sviluppo Immobiliare spa,Real Estate Development,BRI,xmil:BRI
IB.MI,Iniziative Bresciane S.p.A.,General Contractors,IB,xmil:IB
DIB.MI,Digital Bros S.p.A.,Multimedia & Graphics Software,DIB,xmil:DIB
BRE.MI,Brembo S.p.A.,Auto Parts,BRE,xmil:BRE
BST.MI,Banca Sistema S.p.A.,Money Center Banks,BST,xmil:BST
CARR.MI,Carraro SpA,Diversified Machinery,CARR,xmil:CARR
MIC.MI,Mid Industry Capital SpA,Asset Management,MIC,xmil:MIC
CC.MI,Ciccolella SpA,,CC,xmil:CC
RIC.MI,Gruppo Ceramiche Ricchetti SpA,General Building Materials,RIC,xmil:RIC
CMB.MI,Cembre S.p.A.,Diversified Electronics,CMB,xmil:CMB
PAN.MI,Panariagroup Industrie Ceramiche S.p.A.,General Building Materials,PAN,xmil:PAN
CE.MI,Credito Emiliano S.p.A.,Money Center Banks,CE,xmil:CE
CERV.MI,Cerved Information Solutions S.p.A.,Business Services,CERV,xmil:CERV
MSU.MI,Mondo TV (Suisse) SA,Entertainment - Diversified,MSU,xmil:MSU
CHL.MI,Centro HL Distribuzione S.p.A.,"Specialty Retail, Other",CHL,xmil:CHL
CIA.MI,Compagnia Immobiliare Azionaria S.p.A.,Real Estate Development,CIA,xmil:CIA
CIR.MI,Compagnie Industriali Riunite S.p.A.,Auto Parts,CIR,xmil:CIR
CLF.MI,Caleffi S.p.A.,Textile Industrial,CLF,xmil:CLF
CLG.MI,Caleido Group S.p.A.,"Recreational Goods, Other",CLG,xmil:CLG
CLA.MI,Clabo S.p.A.,Diversified Machinery,CLA,xmil:CLA
CLE.MI,Class Editori S.p.A.,Publishing - Newspapers,CLE,xmil:CLE
CNP.MI,Conafi Prestitò S.p.A.,Mortgage Investment,CNP,xmil:CNP
CRGR.MI,Banca Carige S.p.A. - Cassa di Risparmio di Genova e Imperia,Money Center Banks,CRGR,xmil:CRGR
CRR.MI,Carrefour SA,Grocery Stores,CRR,xmil:CRR
CVAL.MI,Credito Valtellinese Società Cooperativa,Money Center Banks,CVAL,xmil:CVAL
CSP.MI,CSP International Fashion Group S.p.A.,Textile - Apparel Clothing,CSP,xmil:CSP
DA.MI,Dada S.p.A.,Internet Information Providers,DA,xmil:DA
DAN.MI,Danieli & C. Officine Meccaniche S.p.A.,Diversified Machinery,DAN,xmil:DAN
DGT.MI,DigiTouch S.p.A.,Advertising Agencies,DGT,xmil:DGT
DIS.MI,D'Amico International Shipping S.A.,Shipping,DIS,xmil:DIS
DIA.MI,DiaSorin S.p.A.,Medical Laboratories & Research,DIA,xmil:DIA
DM.MI,Digital Magics S.p.A.,Internet Information Providers,DM,xmil:DM
DLC.MI,DeLclima S.p.A.,,DLC,xmil:DLC
DLG.MI,De'Longhi S.p.A.,Electronic Equipment,DLG,xmil:DLG
ECK.MI,Ecosuntek S.p.A.,Diversified Utilities,ECK,xmil:ECK
ECA.MI,ErgyCapital S.p.A.,Diversified Utilities,ECA,xmil:ECA
EDNR.MI,Edison S.p.A.,Electric Utilities,EDNR,xmil:EDNR
POL.MI,Poligrafici Editoriale S.p.A.,Publishing - Newspapers,POL,xmil:POL
EEMS.MI,EEMS Italia SpA,Semiconductor - Broad Line,EEMS,xmil:EEMS
EIT.MI,EI Towers S.p.A,,EIT,xmil:EIT
ELC.MI,Elica S.p.A.,Home Furnishings & Fixtures,ELC,xmil:ELC
ELN.MI,EL.EN. S.p.A.,Medical Appliances & Equipment,ELN,xmil:ELN
ELIN.MI,Elettra Investimenti SpA,Diversified Utilities,ELIN,xmil:ELIN
ELAB.MI,Energy Lab S.p.A.,Diversified Utilities,ELAB,xmil:ELAB
EM.MI,Emak S.p.A.,Machine Tools & Accessories,EM,xmil:EM
EMC.MI,Energica Motor Company S.p.A.,Recreational Vehicles,EMC,xmil:EMC
FTL.MI,Fintel Energia Group S.p.A.,Diversified Utilities,FTL,xmil:FTL
ENV.MI,Enervit S.p.A.,Beverages - Soft Drinks,ENV,xmil:ENV
ENT.MI,Enertronica S.p.A.,Diversified Utilities,ENT,xmil:ENT
TEF.MI,"Telefónica, S.A.",Wireless Communications,TEF,xmil:TEF
SANT.MI,"Banco Santander, S.A.",Money Center Banks,SANT,xmil:SANT
ETH.MI,Eurotech SpA,Computer Based Systems,ETH,xmil:ETH
EXSY.MI,Expert System S.p.A.,Technical & System Software,EXSY,xmil:EXSY
FARM.MI,H-Farm S.p.A.,Asset Management,FARM,xmil:FARM
FKR.MI,Falck Renewables S.p.A.,,FKR,xmil:FKR
PSF.MI,Poligrafica S. Faustino S.p.A.,Publishing - Newspapers,PSF,xmil:PSF
FBK.MI,FinecoBank Banca Fineco S.p.A.,Money Center Banks,FBK,xmil:FBK
FCT.MI,Fincantieri S.p.A.,Aerospace/Defense - Major Diversified,FCT,xmil:FCT
SFER.MI,Salvatore Ferragamo S.p.A.,Jewelry Stores,SFER,xmil:SFER
FED.MI,Giorgio Fedon & Figli Spa,Personal Products,FED,xmil:FED
TFI.MI,TREVI - Finanziaria Industriale S.p.A.,General Contractors,TFI,xmil:TFI
LFG.MI,Leone Film Group S.p.A.,Entertainment - Diversified,LFG,xmil:LFG
FIC.MI,First Capital S.p.A.,Investment Brokerage - National,FIC,xmil:FIC
FM.MI,Fiera Milano SpA,Business Services,FM,xmil:FM
FNM.MI,FNM S.p.A.,Railroads,FNM,xmil:FNM
GLE.MI,Societe Generale Group,Money Center Banks,GLE,xmil:GLE
RNO.MI,Renault SA,Auto Manufacturers - Major,RNO,xmil:RNO
FUL.MI,FullSix S.p.A.,Marketing Services,FUL,xmil:FUL
GAB.MI,Gabetti Property Solutions S.p.A.,Real Estate Development,GAB,xmil:GAB
GAMB.MI,Gambero Rosso SpA,Publishing - Newspapers,GAMB,xmil:GAMB
GALA.MI,Gala S.p.A.,Diversified Utilities,GALA,xmil:GALA
GEO.MI,Geox S.p.A.,Textile - Apparel Footwear & Accessories,GEO,xmil:GEO
GE.MI,Gefran S.p.A.,Diversified Machinery,GE,xmil:GE
SGR.MI,SAES Getters S.p.A.,Diversified Electronics,SGR,xmil:SGR
SG.MI,SAES Getters S.p.A.,Diversified Electronics,SG,xmil:SG
GGP.MI,Gruppo Green Power S.p.A.,Diversified Utilities,GGP,xmil:GGP
GGTV.MI,Giglio Group S.p.A.,Broadcasting - TV,GGTV,xmil:GGTV
GO.MI,GO internet S.p.A.,Internet Information Providers,GO,xmil:GO
LMG.MI,Lucisano Media Group S.p.A.,Entertainment - Diversified,LMG,xmil:LMG
IIG.MI,Italia Independent Group S.p.A.,Apparel Stores,IIG,xmil:IIG
IGD.MI,Immobiliare Grande Distribuzione Società di Investimento Immobiliare Quotata S.p.A.,REIT - Diversified,IGD,xmil:IGD
IGV.MI,iGrandiViaggi S.p.A.,Resorts & Casinos,IGV,xmil:IGV
IIN.MI,Industria e Innovazione S.p.A.,Real Estate Development,IIN,xmil:IIN
IMA.MI,I.M.A. Industria Macchine Automatiche S.p.A.,Diversified Machinery,IMA,xmil:IMA
IMS.MI,Immsi S.p.A.,Auto Manufacturers - Major,IMS,xmil:IMS
IP.MI,Interpump Group S.p.A.,Diversified Machinery,IP,xmil:IP
IRE.MI,Iren SpA,Diversified Utilities,IRE,xmil:IRE
IRC.MI,IRCE S.p.A.,Diversified Machinery,IRC,xmil:IRC
ISPR.MI,Intesa Sanpaolo S.p.A.,Money Center Banks,ISPR,xmil:ISPR
ISP.MI,Intesa Sanpaolo S.p.A.,Money Center Banks,ISP,xmil:ISP
ISG.MI,Isagro S.p.A.,Agricultural Chemicals,ISG,xmil:ISG
ISGS.MI,Isagro S.p.A.,Agricultural Chemicals,ISGS,xmil:ISGS
SRN.MI,Sorin SpA,,SRN,xmil:SRN
STEF.MI,Stefanel S.p.A.,Textile - Apparel Clothing,STEF,xmil:STEF
SRG.MI,Snam S.p.A.,Gas Utilities,SRG,xmil:SRG
SO.MI,Sogefi S.p.A.,Auto Parts,SO,xmil:SO
PR.MI,Premuda SpA,,PR,xmil:PR
PINF.MI,Pininfarina S.p.A.,Auto Manufacturers - Major,PINF,xmil:PINF
PIA.MI,Piaggio & C. SpA,Recreational Vehicles,PIA,xmil:PIA
IT.MI,Italcementi SpA,,IT,xmil:IT
COF.MI,COFIDE - Gruppo De Benedetti S.p.A.,Diversified Utilities,COF,xmil:COF
TME.MI,Telecom Italia Media SpA,,TME,xmil:TME
TXT.MI,TXT e-solutions S.p.A.,Technical & System Software,TXT,xmil:TXT
TRN.MI,TERNA - Rete Elettrica Nazionale Società per Azioni,Electric Utilities,TRN,xmil:TRN
TIT.MI,Telecom Italia S.p.A.,Wireless Communications,TIT,xmil:TIT
TIS.MI,Tiscali S.p.A.,Wireless Communications,TIS,xmil:TIS
TIP.MI,Tamburi Investment Partners S.p.A.,Asset Management,TIP,xmil:TIP
SSL.MI,S.S. Lazio S.p.A.,"Recreational Goods, Other",SSL,xmil:SSL
SPMR.MI,Saipem S.p.A.,Oil & Gas Equipment & Services,SPMR,xmil:SPMR
SPM.MI,Saipem S.p.A.,Oil & Gas Equipment & Services,SPM,xmil:SPM
SES.MI,SeSa S.p.A.,Information Technology Services,SES,xmil:SES
SAVE.MI,SAVE S.p.A.,"Air Services, Other",SAVE,xmil:SAVE
SAB.MI,Sabaf S.p.A.,Diversified Machinery,SAB,xmil:SAB
RN.MI,Risanamento SpA,Real Estate Development,RN,xmil:RN
PRL.MI,Pierrel S.p.A.,Drug Manufacturers - Major,PRL,xmil:PRL
MS.MI,Mediaset S.p.A.,Broadcasting - TV,MS,xmil:MS
MON.MI,Monrif S.p.A.,Publishing - Newspapers,MON,xmil:MON
MLM.MI,MolMed S.p.A.,Biotechnology,MLM,xmil:MLM
MCH.MI,Mediacontech S.p.A.,Entertainment - Diversified,MCH,xmil:MCH
ITM.MI,Italmobiliare S.p.A.,General Building Materials,ITM,xmil:ITM
IND.MI,IND.MI,,IND,xmil:IND
INC.MI,Innovatec S.p.A.,Electric Utilities,INC,xmil:INC
COV.MI,COVER 50 S.p.A.,Textile - Apparel Clothing,COV,xmil:COV
LIT.MI,Retelit S.p.A.,Wireless Communications,LIT,xmil:LIT
PLTE.MI,PLT energia S.p.A.,Electric Utilities,PLTE,xmil:PLTE
RAT.MI,Ratti S.p.A.,Textile Industrial,RAT,xmil:RAT
MEC.MI,M&C S.p.A.,Asset Management,MEC,xmil:MEC
ITMR.MI,Italmobiliare SpA,,ITMR,xmil:ITMR
SII.MI,Sintesi Società di Investimenti e Partecipazioni S.p.A.,Asset Management,SII,xmil:SII
USRB.MI,UnipolSai Assicurazioni S.p.A.,,USRB,xmil:USRB
CAD.MI,CAD IT S.p.A.,Technical & System Software,CAD,xmil:CAD
ENG.MI,Engineering Ingegneria Informatica S.p.A.,,ENG,xmil:ENG
NOE.MI,NOEMALIFE S.p.A,,NOE,xmil:NOE
MTV.MI,MONDO TV S.p.A.,Entertainment - Diversified,MTV,xmil:MTV
MIT.MI,Mittel S.p.A,Asset Management,MIT,xmil:MIT
SITI.MI,SITI - B&T Group S.p.A.,Diversified Machinery,SITI,xmil:SITI
DEA.MI,DeA Capital S.p.A.,Asset Management,DEA,xmil:DEA
PRI.MI,Prima Industrie S.p.A.,Diversified Machinery,PRI,xmil:PRI
CALT.MI,Caltagirone SpA,Asset Management,CALT,xmil:CALT
PITE.MI,PITECO S.p.A.,Technical & System Software,PITE,xmil:PITE
PQ.MI,Piquadro S.p.A.,Textile - Apparel Footwear & Accessories,PQ,xmil:PQ
AUTME.MI,Autostrade Meridionali S.p.A.,Trucking,AUTME,xmil:AUTME
ROS.MI,Rosss S.p.A.,Business Equipment,ROS,xmil:ROS
SFL.MI,Safilo Group S.p.A.,Medical Instruments & Supplies,SFL,xmil:SFL
MAIL.MI,MailUp S.p.A.,Marketing Services,MAIL,xmil:MAIL
TBS.MI,TBS Group S.p.A.,Medical Appliances & Equipment,TBS,xmil:TBS
SNA.MI,Snaitech S.p.A.,Gaming Activities,SNA,xmil:SNA
PRS.MI,Prelios S.p.A.,Property Management,PRS,xmil:PRS
PST.MI,Poste Italiane SpA,Credit Services,PST,xmil:PST
TES.MI,Tesmec S.p.A.,Diversified Machinery,TES,xmil:TES
CAI.MI,Cairo Communication S.p.A.,Advertising Agencies,CAI,xmil:CAI
SB.MI,Safe Bag S.p.A,Packaging & Containers,SB,xmil:SB
RWAY.MI,Rai Way S.p.A.,Entertainment - Diversified,RWAY,xmil:RWAY
TER.MI,TerniEnergia S.p.A.,Electric Utilities,TER,xmil:TER
KRE.MI,K.R.Energy S.p.A.,Electric Utilities,KRE,xmil:KRE
MCK.MI,MC-link S.p.A.,Internet Information Providers,MCK,xmil:MCK
ME.MI,Meridie S.p.A.,Asset Management,ME,xmil:ME
LUVE.MI,LU-VE S.p.A.,Diversified Machinery,LUVE,xmil:LUVE
PCP.MI,PIRELLI & C. SocietÃ per Azioni,,PCP,xmil:PCP
SRI.MI,Servizi Italia S.p.A.,Business Services,SRI,xmil:SRI
TECN.MI,Tecnoinvestimenti S.p.A.,Information Technology Services,TECN,xmil:TECN
RM.MI,Reno De Medici S.p.A.,Paper & Paper Products,RM,xmil:RM
VLS.MI,Valsoia SpA,Food - Major Diversified,VLS,xmil:VLS
SOL.MI,Sol SpA,Chemicals - Major Diversified,SOL,xmil:SOL
US.MI,UnipolSai Assicurazioni S.p.A.,Property & Casualty Insurance,US,xmil:US
IWB.MI,Italian Wine Brands S.p.A.,Beverages - Wineries & Distillers,IWB,xmil:IWB
WIG.MI,Gruppo Waste Italia S.p.A.,,WIG,xmil:WIG
PRM.MI,Primi sui Motori S.p.A,Marketing Services,PRM,xmil:PRM
NPI.MI,Notorious Pictures S.p.A.,Broadcasting - TV,NPI,xmil:NPI
ITW.MI,Itway S.p.A.,Technical & System Software,ITW,xmil:ITW
OVS.MI,OVS S.p.A.,Textile - Apparel Clothing,OVS,xmil:OVS
SSB.MI,SSB.MI,,SSB,xmil:SSB
OLI.MI,Olidata SpA,,OLI,xmil:OLI
IVS.MI,IVS Group S.A.,Food Wholesale,IVS,xmil:IVS
KER.MI,Kering S.A.,,KER,xmil:KER
TEN.MI,Tenaris S.A.,Steel & Iron,TEN,xmil:TEN
